-- phpMyAdmin SQL Dump
-- version 5.0.2
-- https://www.phpmyadmin.net/
--
-- Хост: 127.0.0.1:3306
-- Время создания: Авг 30 2020 г., 13:20
-- Версия сервера: 8.0.19
-- Версия PHP: 7.1.33

SET SQL_MODE = "NO_AUTO_VALUE_ON_ZERO";
START TRANSACTION;
SET time_zone = "+00:00";


/*!40101 SET @OLD_CHARACTER_SET_CLIENT=@@CHARACTER_SET_CLIENT */;
/*!40101 SET @OLD_CHARACTER_SET_RESULTS=@@CHARACTER_SET_RESULTS */;
/*!40101 SET @OLD_COLLATION_CONNECTION=@@COLLATION_CONNECTION */;
/*!40101 SET NAMES utf8mb4 */;

--
-- База данных: `shop`
--

-- --------------------------------------------------------

--
-- Структура таблицы `baskets`
--

CREATE TABLE `baskets` (
  `id` int NOT NULL,
  `user_id` int NOT NULL,
  `product_id` int NOT NULL,
  `count` int NOT NULL DEFAULT '1',
  `date` timestamp NOT NULL DEFAULT CURRENT_TIMESTAMP,
  `order_id` int DEFAULT NULL,
  `status` int NOT NULL DEFAULT '0'
) ENGINE=InnoDB DEFAULT CHARSET=utf8;

--
-- Дамп данных таблицы `baskets`
--

INSERT INTO `baskets` (`id`, `user_id`, `product_id`, `count`, `date`, `order_id`, `status`) VALUES
(12, 1, 1, 3, '2020-08-29 08:36:08', 3, 2),
(13, 1, 2, 2, '2020-08-29 08:39:44', 3, 2),
(14, 1, 2, 2, '2020-08-29 09:52:45', 5, 3),
(15, 1, 1, 3, '2020-08-29 09:53:25', 6, 1),
(16, 1, 5, 3, '2020-08-29 09:53:27', 6, 1),
(17, 1, 6, 3, '2020-08-29 10:06:19', 7, 4),
(18, 1, 7, 1, '2020-08-29 10:06:26', 7, 4),
(19, 1, 8, 1, '2020-08-29 10:06:27', 7, 4),
(20, 1, 2, 2, '2020-08-29 11:36:36', 8, 1),
(21, 1, 12, 1, '2020-08-29 13:30:07', 9, 1),
(22, 1, 2, 1, '2020-08-29 13:30:07', 9, 1),
(23, 5, 2, 2, '2020-08-29 13:55:47', 10, 1),
(25, 1, 1, 3, '2020-08-30 10:01:15', NULL, 0);

-- --------------------------------------------------------

--
-- Структура таблицы `brands`
--

CREATE TABLE `brands` (
  `id` int NOT NULL,
  `name` varchar(32) NOT NULL
) ENGINE=InnoDB DEFAULT CHARSET=utf8;

--
-- Дамп данных таблицы `brands`
--

INSERT INTO `brands` (`id`, `name`) VALUES
(1, 'Nike'),
(2, 'Adidas'),
(3, 'Reebok'),
(4, 'Adventure'),
(5, 'Grezzly'),
(6, 'Lassie');

-- --------------------------------------------------------

--
-- Структура таблицы `categories`
--

CREATE TABLE `categories` (
  `id` int NOT NULL,
  `name` varchar(32) NOT NULL
) ENGINE=InnoDB DEFAULT CHARSET=utf8;

--
-- Дамп данных таблицы `categories`
--

INSERT INTO `categories` (`id`, `name`) VALUES
(1, 'Женская одежда'),
(2, 'Мужская одежда'),
(3, 'Женская обувь'),
(4, 'Мужская обувь');

-- --------------------------------------------------------

--
-- Структура таблицы `comments`
--

CREATE TABLE `comments` (
  `id` int NOT NULL,
  `athor_id` int NOT NULL,
  `product_id` int NOT NULL,
  `date` timestamp NOT NULL DEFAULT CURRENT_TIMESTAMP,
  `description` varchar(1000) NOT NULL
) ENGINE=InnoDB DEFAULT CHARSET=utf8;

--
-- Дамп данных таблицы `comments`
--

INSERT INTO `comments` (`id`, `athor_id`, `product_id`, `date`, `description`) VALUES
(1, 1, 1, '2020-08-22 11:17:17', 'классная рубашка'),
(2, 1, 1, '2020-08-22 16:44:13', 'Хорошо сидит'),
(3, 1, 1, '2020-08-22 16:45:10', 'вчера купил'),
(4, 1, 1, '2020-08-26 09:54:30', 'При стирке не линяет');

-- --------------------------------------------------------

--
-- Структура таблицы `menu`
--

CREATE TABLE `menu` (
  `id` int NOT NULL,
  `name` varchar(30) NOT NULL,
  `path` varchar(60) NOT NULL,
  `parent_id` int NOT NULL DEFAULT '0',
  `access` int NOT NULL DEFAULT '0'
) ENGINE=InnoDB DEFAULT CHARSET=utf8;

--
-- Дамп данных таблицы `menu`
--

INSERT INTO `menu` (`id`, `name`, `path`, `parent_id`, `access`) VALUES
(1, 'Главная', '/', 0, 0),
(2, 'Каталог', '/catalog', 0, 0),
(3, 'Вход', '/auth', 0, 0),
(4, 'Регистрация', '/reg', 3, 0),
(5, 'Корзина', '/basket', 7, 1),
(6, 'Выход', '/lib/logout.php', 7, 1),
(7, 'Личный кабинет', '/user', 0, 1),
(8, 'Оформить заказ', '/createOrder', 5, 1),
(9, 'Заказы', '/orders', 7, 1),
(10, 'Админка', '/admin', 0, 2),
(11, 'Заказы', '/admin/orders', 10, 2),
(12, 'Добавить товар', '/admin/add', 10, 2);

-- --------------------------------------------------------

--
-- Структура таблицы `orders`
--

CREATE TABLE `orders` (
  `id` int NOT NULL,
  `date` timestamp NOT NULL DEFAULT CURRENT_TIMESTAMP,
  `summ` int DEFAULT NULL
) ENGINE=InnoDB DEFAULT CHARSET=utf8;

--
-- Дамп данных таблицы `orders`
--

INSERT INTO `orders` (`id`, `date`, `summ`) VALUES
(3, '2020-08-29 09:47:54', 15829),
(5, '2020-08-29 09:52:50', 5632),
(6, '2020-08-29 09:53:34', 13680),
(7, '2020-08-29 10:29:40', 26898),
(8, '2020-08-29 11:36:42', 5632),
(9, '2020-08-29 13:30:14', 5151),
(10, '2020-08-29 13:55:52', 5632);

-- --------------------------------------------------------

--
-- Структура таблицы `products`
--

CREATE TABLE `products` (
  `id` int NOT NULL,
  `category_id` int NOT NULL,
  `brand_id` int NOT NULL,
  `name` varchar(32) NOT NULL,
  `price` int NOT NULL,
  `description` varchar(1000) NOT NULL
) ENGINE=InnoDB DEFAULT CHARSET=utf8;

--
-- Дамп данных таблицы `products`
--

INSERT INTO `products` (`id`, `category_id`, `brand_id`, `name`, `price`, `description`) VALUES
(1, 2, 2, 'Футболка', 3399, 'хлопок 100%'),
(2, 2, 1, 'Футболка', 2816, 'хлопок 100%'),
(3, 4, 5, 'Кроссовки', 7850, 'натуральная кожа 100%'),
(4, 4, 2, 'Тапочки', 999, 'текстиль 100%'),
(5, 3, 3, 'Кроссовки', 1161, 'текстиль 100%'),
(6, 2, 2, 'Кроссовки', 4957, 'хлопок 100%'),
(7, 3, 6, 'Тапочки', 9917, 'текстиль 100%'),
(8, 4, 2, 'Топ', 2110, 'хлопок 100%'),
(9, 1, 6, 'Топ', 4838, 'текстиль 100%'),
(10, 3, 1, 'Топ', 961, 'хлопок 100%'),
(11, 4, 4, 'Майка', 8242, 'хлопок 100%'),
(12, 1, 4, 'Топ', 2335, 'Полиэстер 85% хлопок 15%'),
(13, 4, 3, 'Футболка', 7113, 'текстиль 100%'),
(14, 4, 4, 'Кроссовки', 7211, 'Полиэстер 85% хлопок 15%'),
(15, 4, 6, 'Топ', 5643, 'хлопок 100%'),
(16, 4, 1, 'Кроссовки', 6238, 'натуральная кожа 100%'),
(17, 4, 6, 'Кроссовки', 8139, 'текстиль 100%'),
(18, 1, 5, 'Футболка', 575, 'текстиль 100%'),
(19, 3, 6, 'Тапочки', 5338, 'натуральная кожа 100%'),
(20, 4, 1, 'Топ', 9353, 'натуральная кожа 100%'),
(21, 1, 1, 'Тапочки', 9238, 'натуральная кожа 100%'),
(22, 3, 2, 'Кроссовки', 5888, 'текстиль 100%'),
(23, 3, 5, 'Кроссовки', 5446, 'текстиль 100%'),
(24, 1, 4, 'Кроссовки', 2402, 'Полиэстер 85% хлопок 15%'),
(25, 1, 3, 'Кроссовки', 4078, 'Полиэстер 85% хлопок 15%'),
(26, 1, 3, 'Майка', 3522, 'текстиль 100%'),
(27, 3, 6, 'Тапочки', 9980, 'Полиэстер 85% хлопок 15%'),
(28, 4, 6, 'Майка', 4920, 'натуральная кожа 100%'),
(29, 1, 1, 'Кроссовки', 8552, 'Полиэстер 85% хлопок 15%'),
(30, 3, 5, 'Тапочки', 989, 'текстиль 100%'),
(31, 4, 3, 'Кроссовки', 4988, 'натуральная кожа 100%'),
(32, 2, 5, 'Майка', 7560, 'натуральная кожа 100%'),
(33, 4, 4, 'Футболка', 6733, 'натуральная кожа 100%'),
(34, 3, 6, 'Майка', 7354, 'текстиль 100%'),
(35, 4, 5, 'Тапочки', 8602, 'хлопок 100%'),
(36, 2, 5, 'Топ', 8304, 'хлопок 100%'),
(37, 1, 5, 'Кроссовки', 5372, 'натуральная кожа 100%'),
(38, 2, 2, 'Кроссовки', 4142, 'Полиэстер 85% хлопок 15%'),
(39, 2, 3, 'Кроссовки', 3160, 'хлопок 100%'),
(40, 3, 1, 'Кроссовки', 3562, 'натуральная кожа 100%'),
(41, 2, 5, 'Тапочки', 9104, 'натуральная кожа 100%'),
(42, 2, 1, 'Тапочки', 2706, 'текстиль 100%'),
(43, 3, 6, 'Майка', 4827, 'хлопок 100%'),
(44, 2, 5, 'Тапочки', 1893, 'хлопок 100%'),
(45, 2, 6, 'Топ', 9070, 'текстиль 100%'),
(46, 1, 2, 'Кроссовки', 5757, 'натуральная кожа 100%'),
(47, 1, 2, 'Футболка', 3991, 'натуральная кожа 100%'),
(48, 4, 6, 'Кроссовки', 3336, 'Полиэстер 85% хлопок 15%'),
(49, 2, 2, 'Футболка', 5453, 'Полиэстер 85% хлопок 15%'),
(50, 4, 4, 'Кроссовки', 1595, 'натуральная кожа 100%'),
(51, 1, 6, 'Топ', 1053, 'текстиль 100%'),
(52, 2, 5, 'Тапочки', 2985, 'Полиэстер 85% хлопок 15%'),
(53, 1, 6, 'Кроссовки', 5075, 'Полиэстер 85% хлопок 15%'),
(54, 2, 4, 'Майка', 6953, 'Полиэстер 85% хлопок 15%'),
(55, 3, 6, 'Топ', 6936, 'текстиль 100%'),
(56, 4, 1, 'Майка', 8011, 'Полиэстер 85% хлопок 15%'),
(57, 3, 2, 'Топ', 7601, 'текстиль 100%'),
(58, 3, 6, 'Топ', 7650, 'хлопок 100%'),
(59, 2, 3, 'Футболка', 8134, 'хлопок 100%'),
(60, 3, 5, 'Майка', 4758, 'натуральная кожа 100%'),
(61, 1, 4, 'Футболка', 4508, 'текстиль 100%'),
(62, 4, 2, 'Футболка', 2893, 'текстиль 100%'),
(63, 1, 3, 'Топ', 897, 'Полиэстер 85% хлопок 15%'),
(64, 2, 2, 'Тапочки', 4978, 'натуральная кожа 100%'),
(65, 3, 4, 'Футболка', 7990, 'текстиль 100%'),
(66, 1, 3, 'Тапочки', 9857, 'натуральная кожа 100%'),
(67, 3, 6, 'Кроссовки', 9879, 'текстиль 100%'),
(68, 4, 1, 'Топ', 7322, 'Полиэстер 85% хлопок 15%'),
(69, 3, 3, 'Футболка', 6209, 'текстиль 100%'),
(70, 3, 3, 'Тапочки', 4599, 'хлопок 100%'),
(71, 2, 5, 'Топ', 4727, 'натуральная кожа 100%'),
(72, 1, 2, 'Футболка', 2104, 'текстиль 100%'),
(73, 3, 1, 'Майка', 9376, 'текстиль 100%'),
(74, 3, 1, 'Кроссовки', 3167, 'натуральная кожа 100%'),
(75, 2, 5, 'Тапочки', 7174, 'хлопок 100%'),
(76, 2, 1, 'Топ', 5772, 'текстиль 100%'),
(77, 4, 4, 'Тапочки', 5606, 'натуральная кожа 100%'),
(78, 1, 6, 'Футболка', 9517, 'текстиль 100%'),
(79, 4, 1, 'Кроссовки', 8119, 'текстиль 100%'),
(80, 2, 1, 'Кроссовки', 727, 'натуральная кожа 100%'),
(81, 2, 4, 'Тапочки', 3921, 'хлопок 100%'),
(82, 1, 2, 'Майка', 8987, 'Полиэстер 85% хлопок 15%'),
(83, 1, 1, 'Футболка', 4238, 'текстиль 100%'),
(84, 1, 5, 'Кроссовки', 4566, 'Полиэстер 85% хлопок 15%'),
(85, 1, 1, 'Футболка', 6823, 'текстиль 100%'),
(86, 3, 1, 'Топ', 7666, 'хлопок 100%'),
(87, 3, 6, 'Кроссовки', 5778, 'текстиль 100%'),
(88, 3, 5, 'Футболка', 5427, 'натуральная кожа 100%'),
(89, 2, 6, 'Майка', 1668, 'натуральная кожа 100%'),
(90, 1, 1, 'Топ', 6658, 'хлопок 100%'),
(91, 2, 3, 'Топ', 6067, 'хлопок 100%'),
(92, 1, 1, 'Майка', 2014, 'Полиэстер 85% хлопок 15%'),
(93, 3, 6, 'Футболка', 4426, 'Полиэстер 85% хлопок 15%'),
(94, 1, 6, 'Кроссовки', 9100, 'текстиль 100%'),
(95, 1, 6, 'Кроссовки', 1379, 'хлопок 100%'),
(96, 2, 4, 'Майка', 2851, 'Полиэстер 85% хлопок 15%'),
(97, 2, 1, 'Топ', 1239, 'натуральная кожа 100%'),
(98, 4, 6, 'Футболка', 612, 'Полиэстер 85% хлопок 15%'),
(99, 4, 6, 'Футболка', 7530, 'хлопок 100%'),
(100, 2, 2, 'Кроссовки', 4646, 'текстиль 100%'),
(101, 1, 5, 'Футболка', 3134, 'натуральная кожа 100%'),
(102, 2, 1, 'Футболка', 6581, 'текстиль 100%'),
(103, 3, 3, 'Майка', 7578, 'натуральная кожа 100%'),
(104, 1, 4, 'Кроссовки', 4119, 'натуральная кожа 100%'),
(105, 4, 6, 'Тапочки', 4320, 'натуральная кожа 100%'),
(106, 1, 4, 'Майка', 615, 'текстиль 100%'),
(107, 3, 3, 'Тапочки', 5116, 'Полиэстер 85% хлопок 15%'),
(108, 2, 3, 'Топ', 7161, 'хлопок 100%'),
(109, 3, 5, 'Футболка', 5979, 'Полиэстер 85% хлопок 15%'),
(110, 2, 1, 'Кроссовки', 1873, 'натуральная кожа 100%'),
(111, 3, 1, 'Футболка', 2314, 'Полиэстер 85% хлопок 15%'),
(112, 1, 3, 'Кроссовки', 3477, 'натуральная кожа 100%'),
(113, 3, 3, 'Майка', 4091, 'текстиль 100%'),
(114, 1, 1, 'Футболка', 9906, 'Полиэстер 85% хлопок 15%'),
(115, 4, 2, 'Кроссовки', 9239, 'Полиэстер 85% хлопок 15%'),
(116, 3, 6, 'Майка', 3364, 'текстиль 100%'),
(117, 2, 4, 'Футболка', 8969, 'хлопок 100%'),
(118, 3, 3, 'Майка', 1099, 'текстиль 100%'),
(119, 2, 5, 'Майка', 7289, 'текстиль 100%'),
(120, 1, 2, 'Топ', 5152, 'хлопок 100%'),
(121, 3, 1, 'Топ', 7495, 'натуральная кожа 100%'),
(122, 3, 3, 'Топ', 7180, 'натуральная кожа 100%'),
(123, 1, 4, 'Майка', 5892, 'хлопок 100%'),
(124, 4, 2, 'Футболка', 9449, 'натуральная кожа 100%'),
(125, 4, 2, 'Кроссовки', 9086, 'натуральная кожа 100%'),
(126, 4, 3, 'Футболка', 8632, 'натуральная кожа 100%'),
(127, 2, 3, 'Кроссовки', 871, 'текстиль 100%'),
(128, 1, 3, 'Топ', 6637, 'Полиэстер 85% хлопок 15%'),
(129, 1, 5, 'Майка', 8191, 'Полиэстер 85% хлопок 15%'),
(130, 2, 3, 'Футболка', 5766, 'хлопок 100%'),
(131, 4, 6, 'Топ', 834, 'хлопок 100%'),
(132, 1, 5, 'Футболка', 789, 'хлопок 100%'),
(133, 1, 5, 'Топ', 1408, 'Полиэстер 85% хлопок 15%'),
(134, 2, 2, 'Тапочки', 3296, 'хлопок 100%'),
(135, 2, 4, 'Футболка', 4092, 'хлопок 100%'),
(136, 2, 4, 'Топ', 2523, 'текстиль 100%'),
(137, 4, 1, 'Тапочки', 5461, 'текстиль 100%'),
(138, 2, 4, 'Тапочки', 7544, 'натуральная кожа 100%'),
(139, 2, 5, 'Топ', 7356, 'натуральная кожа 100%'),
(140, 4, 5, 'Топ', 5166, 'хлопок 100%'),
(141, 1, 2, 'Тапочки', 6647, 'натуральная кожа 100%'),
(142, 1, 2, 'Футболка', 966, 'текстиль 100%'),
(143, 3, 6, 'Топ', 1557, 'хлопок 100%'),
(144, 3, 4, 'Кроссовки', 8716, 'натуральная кожа 100%'),
(145, 1, 5, 'Кроссовки', 9528, 'натуральная кожа 100%'),
(146, 4, 1, 'Майка', 7738, 'текстиль 100%'),
(147, 3, 4, 'Кроссовки', 4577, 'Полиэстер 85% хлопок 15%'),
(148, 1, 4, 'Топ', 4363, 'хлопок 100%'),
(149, 2, 4, 'Кроссовки', 5913, 'хлопок 100%'),
(150, 1, 5, 'Майка', 6419, 'хлопок 100%'),
(151, 2, 6, 'Футболка', 6788, 'текстиль 100%'),
(152, 3, 5, 'Майка', 2780, 'Полиэстер 85% хлопок 15%'),
(153, 4, 1, 'Кроссовки', 7023, 'натуральная кожа 100%'),
(154, 1, 2, 'Тапочки', 3117, 'хлопок 100%'),
(155, 4, 5, 'Футболка', 7321, 'текстиль 100%'),
(156, 3, 3, 'Футболка', 1413, 'текстиль 100%'),
(157, 3, 3, 'Майка', 4487, 'натуральная кожа 100%'),
(158, 1, 6, 'Топ', 4175, 'текстиль 100%'),
(159, 4, 1, 'Тапочки', 8577, 'хлопок 100%'),
(160, 2, 6, 'Топ', 1351, 'хлопок 100%'),
(161, 4, 2, 'Тапочки', 3850, 'Полиэстер 85% хлопок 15%'),
(162, 3, 6, 'Майка', 2941, 'Полиэстер 85% хлопок 15%'),
(163, 2, 5, 'Топ', 7236, 'текстиль 100%'),
(164, 1, 1, 'Тапочки', 7676, 'хлопок 100%'),
(165, 3, 1, 'Майка', 2593, 'текстиль 100%'),
(166, 3, 5, 'Майка', 3981, 'Полиэстер 85% хлопок 15%'),
(167, 2, 3, 'Майка', 7483, 'натуральная кожа 100%'),
(168, 1, 3, 'Футболка', 635, 'хлопок 100%'),
(169, 2, 4, 'Футболка', 5043, 'Полиэстер 85% хлопок 15%'),
(170, 2, 1, 'Топ', 1481, 'текстиль 100%'),
(171, 4, 5, 'Кроссовки', 4769, 'Полиэстер 85% хлопок 15%'),
(172, 1, 6, 'Топ', 8847, 'текстиль 100%'),
(173, 3, 4, 'Майка', 4821, 'натуральная кожа 100%'),
(174, 2, 6, 'Топ', 2198, 'натуральная кожа 100%'),
(175, 1, 6, 'Майка', 748, 'Полиэстер 85% хлопок 15%'),
(176, 1, 6, 'Тапочки', 2399, 'натуральная кожа 100%'),
(177, 2, 1, 'Тапочки', 1070, 'натуральная кожа 100%'),
(178, 3, 2, 'Футболка', 506, 'натуральная кожа 100%'),
(179, 1, 5, 'Футболка', 2691, 'натуральная кожа 100%'),
(180, 3, 6, 'Футболка', 1866, 'натуральная кожа 100%'),
(181, 1, 1, 'Кроссовки', 5821, 'хлопок 100%'),
(182, 2, 5, 'Тапочки', 8874, 'хлопок 100%'),
(183, 1, 3, 'Футболка', 2512, 'натуральная кожа 100%'),
(184, 1, 3, 'Футболка', 6897, 'Полиэстер 85% хлопок 15%'),
(185, 2, 5, 'Тапочки', 7490, 'хлопок 100%'),
(186, 4, 5, 'Майка', 1882, 'текстиль 100%'),
(187, 3, 2, 'Тапочки', 6208, 'натуральная кожа 100%'),
(188, 4, 4, 'Топ', 5588, 'Полиэстер 85% хлопок 15%'),
(189, 2, 5, 'Майка', 5170, 'Полиэстер 85% хлопок 15%'),
(190, 3, 4, 'Кроссовки', 3681, 'натуральная кожа 100%'),
(191, 1, 5, 'Топ', 8911, 'Полиэстер 85% хлопок 15%'),
(192, 1, 3, 'Топ', 7036, 'Полиэстер 85% хлопок 15%'),
(193, 1, 3, 'Кроссовки', 4069, 'Полиэстер 85% хлопок 15%'),
(194, 4, 2, 'Кроссовки', 6886, 'хлопок 100%'),
(195, 1, 6, 'Футболка', 2235, 'хлопок 100%'),
(196, 3, 1, 'Майка', 9207, 'натуральная кожа 100%'),
(197, 4, 2, 'Топ', 2836, 'хлопок 100%'),
(198, 3, 3, 'Футболка', 4191, 'Полиэстер 85% хлопок 15%'),
(199, 2, 5, 'Топ', 8675, 'натуральная кожа 100%'),
(200, 1, 2, 'Футболка', 8137, 'текстиль 100%'),
(201, 4, 1, 'Топ', 615, 'хлопок 100%'),
(202, 4, 4, 'Футболка', 4391, 'хлопок 100%'),
(203, 1, 1, 'Футболка', 3324, 'Полиэстер 85% хлопок 15%'),
(204, 4, 1, 'Топ', 7257, 'натуральная кожа 100%'),
(205, 2, 5, 'Майка', 1253, 'Полиэстер 85% хлопок 15%'),
(206, 1, 5, 'Майка', 1429, 'натуральная кожа 100%'),
(207, 2, 2, 'Кроссовки', 4491, 'Полиэстер 85% хлопок 15%'),
(208, 1, 3, 'Майка', 3663, 'Полиэстер 85% хлопок 15%'),
(209, 2, 3, 'Топ', 1203, 'хлопок 100%'),
(210, 2, 5, 'Футболка', 5092, 'текстиль 100%'),
(211, 1, 6, 'Топ', 1880, 'Полиэстер 85% хлопок 15%'),
(212, 2, 6, 'Топ', 3867, 'текстиль 100%'),
(213, 4, 3, 'Майка', 7816, 'натуральная кожа 100%'),
(214, 2, 3, 'Тапочки', 7215, 'текстиль 100%'),
(215, 4, 5, 'Топ', 9930, 'хлопок 100%'),
(216, 4, 6, 'Майка', 7176, 'хлопок 100%'),
(217, 1, 1, 'Футболка', 6512, 'Полиэстер 85% хлопок 15%'),
(218, 1, 1, 'Кроссовки', 6925, 'хлопок 100%'),
(219, 4, 4, 'Майка', 9702, 'Полиэстер 85% хлопок 15%'),
(220, 1, 5, 'Кроссовки', 1613, 'натуральная кожа 100%'),
(221, 1, 4, 'Тапочки', 2046, 'натуральная кожа 100%'),
(222, 2, 3, 'Майка', 1663, 'Полиэстер 85% хлопок 15%'),
(223, 2, 3, 'Топ', 673, 'Полиэстер 85% хлопок 15%'),
(224, 1, 1, 'Топ', 8561, 'текстиль 100%'),
(225, 3, 3, 'Футболка', 3946, 'Полиэстер 85% хлопок 15%'),
(226, 1, 5, 'Майка', 7640, 'Полиэстер 85% хлопок 15%'),
(227, 1, 1, 'Тапочки', 3410, 'Полиэстер 85% хлопок 15%'),
(228, 2, 5, 'Тапочки', 4924, 'Полиэстер 85% хлопок 15%'),
(229, 1, 3, 'Кроссовки', 1843, 'натуральная кожа 100%'),
(230, 4, 1, 'Тапочки', 5261, 'натуральная кожа 100%'),
(231, 4, 2, 'Майка', 3453, 'Полиэстер 85% хлопок 15%'),
(232, 4, 1, 'Топ', 1104, 'текстиль 100%'),
(233, 3, 1, 'Майка', 1945, 'хлопок 100%'),
(234, 1, 1, 'Майка', 6402, 'текстиль 100%'),
(235, 2, 3, 'Тапочки', 7150, 'Полиэстер 85% хлопок 15%'),
(236, 2, 1, 'Кроссовки', 8314, 'текстиль 100%'),
(237, 4, 4, 'Кроссовки', 9622, 'хлопок 100%'),
(238, 3, 6, 'Майка', 2735, 'текстиль 100%'),
(239, 1, 4, 'Футболка', 4348, 'текстиль 100%'),
(240, 2, 2, 'Футболка', 4738, 'хлопок 100%'),
(241, 3, 5, 'Футболка', 8653, 'Полиэстер 85% хлопок 15%'),
(242, 4, 5, 'Футболка', 9791, 'текстиль 100%'),
(243, 2, 4, 'Кроссовки', 3196, 'хлопок 100%'),
(244, 4, 2, 'Кроссовки', 5065, 'натуральная кожа 100%'),
(245, 3, 5, 'Кроссовки', 5750, 'хлопок 100%'),
(246, 1, 2, 'Футболка', 8102, 'хлопок 100%'),
(247, 3, 4, 'Топ', 6212, 'хлопок 100%'),
(248, 3, 6, 'Тапочки', 2838, 'текстиль 100%'),
(249, 1, 3, 'Тапочки', 1774, 'натуральная кожа 100%'),
(250, 3, 5, 'Топ', 9591, 'хлопок 100%'),
(251, 3, 4, 'Тапочки', 5493, 'Полиэстер 85% хлопок 15%'),
(252, 4, 4, 'Тапочки', 5229, 'текстиль 100%'),
(253, 3, 1, 'Тапочки', 8652, 'натуральная кожа 100%'),
(254, 4, 6, 'Тапочки', 2745, 'текстиль 100%'),
(255, 1, 5, 'Топ', 886, 'Полиэстер 85% хлопок 15%'),
(256, 2, 3, 'Майка', 8694, 'текстиль 100%'),
(257, 4, 2, 'Топ', 5046, 'натуральная кожа 100%'),
(258, 1, 5, 'Майка', 6020, 'Полиэстер 85% хлопок 15%'),
(259, 4, 6, 'Топ', 1678, 'Полиэстер 85% хлопок 15%'),
(260, 3, 6, 'Кроссовки', 5538, 'хлопок 100%'),
(261, 3, 6, 'Футболка', 3408, 'Полиэстер 85% хлопок 15%'),
(262, 2, 3, 'Топ', 6514, 'Полиэстер 85% хлопок 15%'),
(263, 1, 4, 'Топ', 708, 'хлопок 100%'),
(264, 2, 6, 'Топ', 4202, 'натуральная кожа 100%'),
(265, 1, 3, 'Топ', 4871, 'Полиэстер 85% хлопок 15%'),
(266, 3, 2, 'Майка', 3134, 'Полиэстер 85% хлопок 15%'),
(267, 1, 2, 'Топ', 5377, 'натуральная кожа 100%'),
(268, 1, 6, 'Кроссовки', 6564, 'Полиэстер 85% хлопок 15%'),
(269, 4, 3, 'Топ', 7015, 'натуральная кожа 100%'),
(270, 2, 4, 'Футболка', 4423, 'хлопок 100%'),
(271, 3, 5, 'Майка', 8497, 'натуральная кожа 100%'),
(272, 4, 5, 'Кроссовки', 9848, 'Полиэстер 85% хлопок 15%'),
(273, 3, 4, 'Кроссовки', 1652, 'натуральная кожа 100%'),
(274, 1, 2, 'Футболка', 5591, 'натуральная кожа 100%'),
(275, 1, 5, 'Топ', 9350, 'хлопок 100%'),
(276, 1, 6, 'Топ', 5019, 'текстиль 100%'),
(277, 2, 2, 'Футболка', 3585, 'текстиль 100%'),
(278, 2, 2, 'Кроссовки', 8761, 'Полиэстер 85% хлопок 15%'),
(279, 4, 2, 'Тапочки', 7851, 'текстиль 100%'),
(280, 1, 2, 'Топ', 583, 'Полиэстер 85% хлопок 15%'),
(281, 1, 4, 'Тапочки', 4123, 'текстиль 100%'),
(282, 2, 2, 'Майка', 5934, 'натуральная кожа 100%'),
(283, 3, 3, 'Футболка', 3844, 'текстиль 100%'),
(284, 2, 5, 'Топ', 3639, 'текстиль 100%'),
(285, 3, 6, 'Футболка', 2242, 'натуральная кожа 100%'),
(286, 1, 6, 'Майка', 5269, 'хлопок 100%'),
(287, 2, 4, 'Тапочки', 2957, 'Полиэстер 85% хлопок 15%'),
(288, 3, 2, 'Майка', 8499, 'хлопок 100%'),
(289, 3, 6, 'Тапочки', 8916, 'натуральная кожа 100%'),
(290, 1, 2, 'Кроссовки', 1017, 'Полиэстер 85% хлопок 15%'),
(291, 3, 3, 'Кроссовки', 8149, 'хлопок 100%'),
(292, 2, 4, 'Кроссовки', 824, 'Полиэстер 85% хлопок 15%'),
(293, 3, 3, 'Тапочки', 1787, 'Полиэстер 85% хлопок 15%'),
(294, 2, 6, 'Тапочки', 3146, 'натуральная кожа 100%'),
(295, 2, 1, 'Футболка', 8935, 'текстиль 100%'),
(296, 2, 1, 'Тапочки', 7012, 'натуральная кожа 100%'),
(297, 4, 1, 'Тапочки', 3998, 'текстиль 100%'),
(298, 2, 5, 'Тапочки', 7103, 'Полиэстер 85% хлопок 15%'),
(299, 2, 6, 'Кроссовки', 6337, 'текстиль 100%'),
(300, 2, 4, 'Майка', 4612, 'хлопок 100%'),
(301, 2, 4, 'Тапочки', 4747, 'текстиль 100%'),
(302, 1, 2, 'Футболка', 1171, 'натуральная кожа 100%'),
(303, 4, 5, 'Тапочки', 7244, 'хлопок 100%'),
(304, 1, 4, 'Тапочки', 6995, 'натуральная кожа 100%'),
(305, 4, 3, 'Топ', 4061, 'Полиэстер 85% хлопок 15%'),
(306, 1, 3, 'Футболка', 7492, 'текстиль 100%'),
(307, 3, 5, 'Кроссовки', 2150, 'Полиэстер 85% хлопок 15%'),
(308, 3, 5, 'Топ', 9972, 'текстиль 100%'),
(309, 2, 1, 'Топ', 2084, 'хлопок 100%'),
(310, 1, 1, 'Тапочки', 9686, 'хлопок 100%'),
(311, 3, 1, 'Футболка', 6526, 'Полиэстер 85% хлопок 15%'),
(312, 1, 6, 'Майка', 764, 'текстиль 100%'),
(313, 2, 6, 'Топ', 7840, 'хлопок 100%'),
(314, 3, 5, 'Тапочки', 4201, 'хлопок 100%'),
(315, 2, 4, 'Топ', 6594, 'Полиэстер 85% хлопок 15%'),
(316, 2, 2, 'Топ', 2167, 'натуральная кожа 100%'),
(317, 4, 4, 'Майка', 4847, 'Полиэстер 85% хлопок 15%'),
(318, 2, 6, 'Топ', 715, 'текстиль 100%'),
(319, 4, 6, 'Майка', 5886, 'текстиль 100%'),
(320, 1, 4, 'Топ', 1795, 'хлопок 100%'),
(321, 2, 4, 'Кроссовки', 9078, 'Полиэстер 85% хлопок 15%'),
(322, 4, 1, 'Тапочки', 3325, 'текстиль 100%'),
(323, 3, 5, 'Топ', 9952, 'текстиль 100%'),
(324, 4, 5, 'Топ', 1482, 'текстиль 100%'),
(325, 1, 2, 'Футболка', 746, 'натуральная кожа 100%'),
(326, 4, 2, 'Тапочки', 7858, 'Полиэстер 85% хлопок 15%'),
(327, 2, 3, 'Футболка', 9022, 'Полиэстер 85% хлопок 15%'),
(328, 2, 6, 'Топ', 3065, 'хлопок 100%'),
(329, 1, 5, 'Топ', 9622, 'Полиэстер 85% хлопок 15%'),
(330, 2, 3, 'Футболка', 5450, 'текстиль 100%'),
(331, 3, 1, 'Майка', 6818, 'Полиэстер 85% хлопок 15%'),
(332, 2, 1, 'Топ', 4592, 'натуральная кожа 100%'),
(333, 3, 5, 'Топ', 5470, 'натуральная кожа 100%'),
(334, 2, 3, 'Кроссовки', 8572, 'Полиэстер 85% хлопок 15%'),
(335, 2, 4, 'Футболка', 6788, 'Полиэстер 85% хлопок 15%'),
(336, 2, 2, 'Тапочки', 7809, 'хлопок 100%'),
(337, 1, 2, 'Майка', 9666, 'хлопок 100%'),
(338, 3, 5, 'Футболка', 4273, 'текстиль 100%'),
(339, 3, 2, 'Тапочки', 6187, 'натуральная кожа 100%'),
(340, 1, 4, 'Футболка', 7988, 'текстиль 100%'),
(341, 4, 2, 'Топ', 4981, 'текстиль 100%'),
(342, 2, 2, 'Кроссовки', 2609, 'текстиль 100%'),
(343, 2, 5, 'Футболка', 6156, 'натуральная кожа 100%'),
(344, 2, 5, 'Тапочки', 3126, 'текстиль 100%'),
(345, 2, 4, 'Кроссовки', 4647, 'Полиэстер 85% хлопок 15%'),
(346, 1, 5, 'Футболка', 2757, 'текстиль 100%'),
(347, 4, 6, 'Кроссовки', 5236, 'Полиэстер 85% хлопок 15%'),
(348, 4, 1, 'Топ', 5329, 'Полиэстер 85% хлопок 15%'),
(349, 3, 3, 'Футболка', 7878, 'хлопок 100%'),
(350, 1, 1, 'Тапочки', 8602, 'натуральная кожа 100%'),
(351, 1, 3, 'Топ', 9252, 'текстиль 100%'),
(352, 3, 4, 'Кроссовки', 5860, 'хлопок 100%'),
(353, 4, 4, 'Тапочки', 4595, 'хлопок 100%'),
(354, 4, 2, 'Футболка', 3800, 'натуральная кожа 100%'),
(355, 3, 2, 'Футболка', 3624, 'натуральная кожа 100%'),
(356, 3, 3, 'Кроссовки', 3523, 'Полиэстер 85% хлопок 15%'),
(357, 4, 6, 'Футболка', 6906, 'Полиэстер 85% хлопок 15%'),
(358, 1, 2, 'Кроссовки', 3639, 'Полиэстер 85% хлопок 15%'),
(359, 4, 4, 'Кроссовки', 9425, 'Полиэстер 85% хлопок 15%'),
(360, 4, 5, 'Топ', 931, 'текстиль 100%'),
(361, 2, 5, 'Майка', 6686, 'натуральная кожа 100%'),
(362, 4, 5, 'Топ', 5492, 'натуральная кожа 100%'),
(363, 4, 6, 'Тапочки', 8357, 'Полиэстер 85% хлопок 15%'),
(364, 4, 2, 'Футболка', 7135, 'натуральная кожа 100%'),
(365, 3, 1, 'Топ', 3976, 'натуральная кожа 100%'),
(366, 3, 5, 'Кроссовки', 1336, 'натуральная кожа 100%'),
(367, 4, 1, 'Майка', 1573, 'Полиэстер 85% хлопок 15%'),
(368, 1, 2, 'Майка', 9561, 'хлопок 100%'),
(369, 1, 5, 'Тапочки', 1051, 'натуральная кожа 100%'),
(370, 1, 6, 'Кроссовки', 9241, 'текстиль 100%'),
(371, 4, 4, 'Майка', 4406, 'текстиль 100%'),
(372, 2, 3, 'Топ', 2157, 'текстиль 100%'),
(373, 1, 1, 'Тапочки', 8386, 'хлопок 100%'),
(374, 1, 2, 'Майка', 7587, 'хлопок 100%'),
(375, 3, 5, 'Кроссовки', 8536, 'текстиль 100%'),
(376, 1, 2, 'Футболка', 6209, 'текстиль 100%'),
(377, 2, 3, 'Топ', 4853, 'хлопок 100%'),
(378, 2, 1, 'Футболка', 5902, 'хлопок 100%'),
(379, 3, 4, 'Топ', 9175, 'натуральная кожа 100%'),
(380, 3, 3, 'Майка', 3067, 'натуральная кожа 100%'),
(381, 4, 1, 'Топ', 3604, 'натуральная кожа 100%'),
(382, 2, 6, 'Кроссовки', 9791, 'текстиль 100%'),
(383, 2, 3, 'Кроссовки', 2481, 'хлопок 100%'),
(384, 1, 4, 'Футболка', 8069, 'хлопок 100%'),
(385, 3, 2, 'Футболка', 511, 'натуральная кожа 100%'),
(386, 1, 3, 'Кроссовки', 7650, 'хлопок 100%'),
(387, 1, 2, 'Кроссовки', 1349, 'Полиэстер 85% хлопок 15%'),
(388, 4, 5, 'Майка', 8528, 'натуральная кожа 100%'),
(389, 3, 6, 'Майка', 7543, 'текстиль 100%'),
(390, 4, 3, 'Кроссовки', 2397, 'Полиэстер 85% хлопок 15%'),
(391, 3, 5, 'Топ', 9773, 'хлопок 100%'),
(392, 1, 1, 'Тапочки', 7105, 'хлопок 100%'),
(393, 4, 5, 'Футболка', 7882, 'хлопок 100%'),
(394, 4, 1, 'Майка', 7679, 'текстиль 100%'),
(395, 4, 4, 'Майка', 9129, 'Полиэстер 85% хлопок 15%'),
(396, 1, 2, 'Кроссовки', 2410, 'текстиль 100%'),
(397, 1, 2, 'Топ', 1798, 'хлопок 100%'),
(398, 1, 1, 'Кроссовки', 1509, 'хлопок 100%'),
(399, 3, 5, 'Тапочки', 1799, 'натуральная кожа 100%'),
(400, 2, 2, 'Кроссовки', 6049, 'Полиэстер 85% хлопок 15%'),
(401, 2, 2, 'Топ', 4021, 'Полиэстер 85% хлопок 15%'),
(402, 4, 3, 'Кроссовки', 3643, 'Полиэстер 85% хлопок 15%'),
(403, 2, 5, 'Тапочки', 8101, 'хлопок 100%'),
(404, 4, 6, 'Тапочки', 2182, 'Полиэстер 85% хлопок 15%'),
(405, 3, 4, 'Майка', 2675, 'текстиль 100%'),
(406, 4, 4, 'Футболка', 8142, 'Полиэстер 85% хлопок 15%'),
(407, 2, 6, 'Футболка', 5155, 'текстиль 100%'),
(408, 4, 1, 'Майка', 2393, 'Полиэстер 85% хлопок 15%'),
(409, 4, 5, 'Кроссовки', 9027, 'натуральная кожа 100%'),
(410, 1, 6, 'Тапочки', 4144, 'натуральная кожа 100%'),
(411, 2, 1, 'Тапочки', 4770, 'текстиль 100%'),
(412, 2, 3, 'Кроссовки', 5239, 'текстиль 100%'),
(413, 3, 1, 'Кроссовки', 2246, 'натуральная кожа 100%'),
(414, 4, 1, 'Топ', 9754, 'Полиэстер 85% хлопок 15%'),
(415, 2, 5, 'Тапочки', 6799, 'хлопок 100%'),
(416, 2, 5, 'Топ', 7729, 'хлопок 100%'),
(417, 1, 2, 'Топ', 6508, 'текстиль 100%'),
(418, 4, 3, 'Майка', 6742, 'натуральная кожа 100%'),
(419, 3, 2, 'Майка', 6201, 'хлопок 100%'),
(420, 3, 5, 'Топ', 5723, 'Полиэстер 85% хлопок 15%'),
(421, 4, 1, 'Топ', 7421, 'хлопок 100%'),
(422, 3, 2, 'Майка', 4407, 'хлопок 100%'),
(423, 1, 2, 'Топ', 5898, 'хлопок 100%'),
(424, 1, 5, 'Футболка', 5618, 'хлопок 100%'),
(425, 4, 5, 'Тапочки', 1385, 'Полиэстер 85% хлопок 15%'),
(426, 3, 6, 'Футболка', 5335, 'натуральная кожа 100%'),
(427, 3, 2, 'Тапочки', 2409, 'Полиэстер 85% хлопок 15%'),
(428, 1, 6, 'Топ', 1241, 'текстиль 100%'),
(429, 1, 6, 'Тапочки', 2228, 'хлопок 100%'),
(430, 1, 3, 'Кроссовки', 4742, 'хлопок 100%'),
(431, 2, 1, 'Майка', 8153, 'текстиль 100%'),
(432, 4, 4, 'Кроссовки', 4010, 'Полиэстер 85% хлопок 15%'),
(433, 4, 1, 'Тапочки', 1142, 'Полиэстер 85% хлопок 15%'),
(434, 3, 4, 'Кроссовки', 862, 'текстиль 100%'),
(435, 3, 1, 'Тапочки', 8228, 'хлопок 100%'),
(436, 4, 5, 'Топ', 3723, 'хлопок 100%'),
(437, 3, 4, 'Кроссовки', 9205, 'хлопок 100%'),
(438, 3, 6, 'Топ', 6751, 'Полиэстер 85% хлопок 15%'),
(439, 1, 5, 'Майка', 667, 'хлопок 100%'),
(440, 3, 4, 'Тапочки', 2866, 'хлопок 100%'),
(441, 3, 1, 'Тапочки', 7418, 'текстиль 100%'),
(442, 3, 6, 'Топ', 601, 'натуральная кожа 100%'),
(443, 3, 2, 'Тапочки', 5794, 'Полиэстер 85% хлопок 15%'),
(444, 3, 6, 'Тапочки', 5868, 'Полиэстер 85% хлопок 15%'),
(445, 4, 1, 'Футболка', 5538, 'натуральная кожа 100%'),
(446, 3, 2, 'Футболка', 8477, 'Полиэстер 85% хлопок 15%'),
(447, 3, 6, 'Футболка', 6247, 'натуральная кожа 100%'),
(448, 2, 5, 'Футболка', 8224, 'хлопок 100%'),
(449, 3, 3, 'Футболка', 1623, 'хлопок 100%'),
(450, 1, 3, 'Тапочки', 1054, 'Полиэстер 85% хлопок 15%'),
(451, 1, 3, 'Майка', 2253, 'натуральная кожа 100%'),
(452, 1, 6, 'Тапочки', 4389, 'Полиэстер 85% хлопок 15%'),
(453, 4, 6, 'Кроссовки', 8334, 'текстиль 100%'),
(454, 4, 3, 'Майка', 6711, 'хлопок 100%'),
(455, 3, 1, 'Топ', 7709, 'текстиль 100%'),
(456, 1, 1, 'Футболка', 8962, 'натуральная кожа 100%'),
(457, 1, 2, 'Кроссовки', 1424, 'Полиэстер 85% хлопок 15%'),
(458, 3, 4, 'Топ', 7152, 'текстиль 100%'),
(459, 3, 4, 'Топ', 2192, 'текстиль 100%'),
(460, 2, 4, 'Футболка', 2183, 'натуральная кожа 100%'),
(461, 4, 2, 'Топ', 7992, 'Полиэстер 85% хлопок 15%'),
(462, 3, 2, 'Майка', 8133, 'текстиль 100%'),
(463, 4, 1, 'Майка', 927, 'натуральная кожа 100%'),
(464, 1, 2, 'Кроссовки', 7628, 'хлопок 100%'),
(465, 4, 3, 'Тапочки', 9574, 'Полиэстер 85% хлопок 15%'),
(466, 4, 1, 'Кроссовки', 5937, 'Полиэстер 85% хлопок 15%'),
(467, 4, 4, 'Тапочки', 3136, 'натуральная кожа 100%'),
(468, 3, 3, 'Футболка', 8793, 'Полиэстер 85% хлопок 15%'),
(469, 1, 4, 'Футболка', 9379, 'натуральная кожа 100%'),
(470, 4, 6, 'Топ', 7739, 'Полиэстер 85% хлопок 15%'),
(471, 2, 2, 'Топ', 2961, 'натуральная кожа 100%'),
(472, 2, 6, 'Футболка', 7475, 'Полиэстер 85% хлопок 15%'),
(473, 1, 4, 'Майка', 8376, 'текстиль 100%'),
(474, 3, 2, 'Кроссовки', 7175, 'хлопок 100%'),
(475, 4, 5, 'Кроссовки', 3237, 'натуральная кожа 100%'),
(476, 2, 6, 'Кроссовки', 7939, 'хлопок 100%'),
(477, 4, 6, 'Майка', 5550, 'текстиль 100%'),
(478, 4, 4, 'Майка', 3871, 'текстиль 100%'),
(479, 4, 5, 'Тапочки', 1244, 'натуральная кожа 100%'),
(480, 4, 3, 'Майка', 3899, 'текстиль 100%'),
(481, 1, 3, 'Майка', 4829, 'текстиль 100%'),
(482, 3, 2, 'Топ', 5417, 'текстиль 100%'),
(483, 2, 4, 'Кроссовки', 4021, 'Полиэстер 85% хлопок 15%'),
(484, 2, 2, 'Тапочки', 3485, 'хлопок 100%'),
(485, 2, 3, 'Футболка', 3520, 'натуральная кожа 100%'),
(486, 4, 5, 'Майка', 3830, 'Полиэстер 85% хлопок 15%'),
(487, 4, 4, 'Топ', 5384, 'натуральная кожа 100%'),
(488, 1, 4, 'Топ', 9639, 'хлопок 100%'),
(489, 2, 2, 'Майка', 8348, 'натуральная кожа 100%'),
(490, 3, 6, 'Кроссовки', 5985, 'натуральная кожа 100%'),
(491, 3, 2, 'Майка', 3077, 'Полиэстер 85% хлопок 15%'),
(492, 3, 1, 'Тапочки', 6025, 'Полиэстер 85% хлопок 15%'),
(493, 2, 5, 'Футболка', 8252, 'текстиль 100%'),
(494, 3, 3, 'Майка', 7372, 'натуральная кожа 100%'),
(495, 4, 3, 'Футболка', 3171, 'натуральная кожа 100%'),
(496, 2, 3, 'Майка', 8192, 'натуральная кожа 100%'),
(497, 3, 3, 'Тапочки', 6985, 'Полиэстер 85% хлопок 15%'),
(498, 1, 6, 'Футболка', 8651, 'натуральная кожа 100%'),
(499, 4, 1, 'Кроссовки', 7372, 'текстиль 100%'),
(500, 1, 3, 'Футболка', 8613, 'текстиль 100%'),
(501, 2, 4, 'Топ', 7081, 'текстиль 100%'),
(502, 3, 4, 'Майка', 5430, 'хлопок 100%'),
(503, 1, 5, 'Майка', 7149, 'текстиль 100%'),
(504, 4, 2, 'Кроссовки', 9998, 'Полиэстер 85% хлопок 15%'),
(505, 4, 5, 'Майка', 6999, 'текстиль 100%'),
(506, 1, 2, 'Кроссовки', 3191, 'хлопок 100%'),
(507, 1, 6, 'Футболка', 2622, 'натуральная кожа 100%'),
(508, 4, 1, 'Топ', 540, 'текстиль 100%'),
(509, 1, 5, 'Футболка', 7993, 'текстиль 100%'),
(510, 4, 5, 'Футболка', 3906, 'текстиль 100%'),
(511, 3, 6, 'Футболка', 2934, 'текстиль 100%'),
(512, 3, 3, 'Кроссовки', 1483, 'хлопок 100%'),
(513, 3, 1, 'Майка', 2697, 'хлопок 100%'),
(514, 4, 4, 'Тапочки', 2455, 'текстиль 100%'),
(515, 3, 1, 'Кроссовки', 7964, 'хлопок 100%'),
(516, 3, 1, 'Футболка', 8767, 'натуральная кожа 100%'),
(517, 3, 1, 'Топ', 1216, 'натуральная кожа 100%'),
(518, 2, 5, 'Футболка', 6178, 'Полиэстер 85% хлопок 15%'),
(519, 1, 6, 'Футболка', 2705, 'текстиль 100%'),
(520, 3, 5, 'Кроссовки', 9308, 'натуральная кожа 100%'),
(521, 3, 3, 'Футболка', 3868, 'натуральная кожа 100%'),
(522, 4, 1, 'Футболка', 4735, 'хлопок 100%'),
(523, 2, 6, 'Кроссовки', 9165, 'натуральная кожа 100%'),
(524, 3, 3, 'Кроссовки', 2727, 'Полиэстер 85% хлопок 15%'),
(525, 4, 1, 'Топ', 9602, 'натуральная кожа 100%'),
(526, 4, 3, 'Футболка', 1142, 'натуральная кожа 100%'),
(527, 1, 2, 'Топ', 552, 'текстиль 100%'),
(528, 3, 4, 'Кроссовки', 1986, 'текстиль 100%'),
(529, 2, 2, 'Тапочки', 3997, 'хлопок 100%'),
(530, 1, 6, 'Футболка', 9033, 'Полиэстер 85% хлопок 15%'),
(531, 1, 2, 'Кроссовки', 3625, 'хлопок 100%'),
(532, 3, 6, 'Майка', 5658, 'Полиэстер 85% хлопок 15%'),
(533, 3, 6, 'Кроссовки', 6503, 'Полиэстер 85% хлопок 15%'),
(534, 1, 5, 'Футболка', 7248, 'натуральная кожа 100%'),
(535, 3, 1, 'Футболка', 7976, 'текстиль 100%'),
(536, 1, 4, 'Тапочки', 2292, 'хлопок 100%'),
(537, 4, 1, 'Кроссовки', 2934, 'натуральная кожа 100%'),
(538, 4, 1, 'Тапочки', 9638, 'натуральная кожа 100%'),
(539, 4, 5, 'Майка', 8919, 'хлопок 100%'),
(540, 1, 5, 'Кроссовки', 1479, 'хлопок 100%'),
(541, 3, 6, 'Тапочки', 6179, 'Полиэстер 85% хлопок 15%'),
(542, 3, 2, 'Кроссовки', 8001, 'текстиль 100%'),
(543, 1, 4, 'Топ', 3390, 'хлопок 100%'),
(544, 3, 2, 'Топ', 5543, 'хлопок 100%'),
(545, 2, 1, 'Тапочки', 5962, 'натуральная кожа 100%'),
(546, 2, 1, 'Футболка', 5320, 'Полиэстер 85% хлопок 15%'),
(547, 2, 6, 'Футболка', 696, 'Полиэстер 85% хлопок 15%'),
(548, 3, 2, 'Топ', 8092, 'текстиль 100%'),
(549, 2, 2, 'Футболка', 8791, 'текстиль 100%'),
(550, 4, 5, 'Топ', 8295, 'хлопок 100%'),
(551, 2, 2, 'Топ', 7778, 'хлопок 100%'),
(552, 4, 6, 'Майка', 2664, 'натуральная кожа 100%'),
(553, 2, 2, 'Топ', 9091, 'Полиэстер 85% хлопок 15%'),
(554, 2, 6, 'Тапочки', 5366, 'натуральная кожа 100%'),
(555, 3, 1, 'Футболка', 9094, 'текстиль 100%'),
(556, 3, 3, 'Тапочки', 2054, 'Полиэстер 85% хлопок 15%'),
(557, 3, 3, 'Тапочки', 1406, 'хлопок 100%'),
(558, 1, 6, 'Футболка', 8713, 'текстиль 100%'),
(559, 1, 2, 'Кроссовки', 9433, 'Полиэстер 85% хлопок 15%'),
(560, 4, 6, 'Тапочки', 8256, 'хлопок 100%'),
(561, 1, 4, 'Кроссовки', 5744, 'хлопок 100%'),
(562, 2, 3, 'Кроссовки', 2814, 'хлопок 100%'),
(563, 1, 1, 'Майка', 1337, 'натуральная кожа 100%'),
(564, 4, 1, 'Топ', 9378, 'натуральная кожа 100%'),
(565, 4, 1, 'Тапочки', 3387, 'хлопок 100%'),
(566, 2, 5, 'Топ', 2248, 'Полиэстер 85% хлопок 15%'),
(567, 2, 3, 'Майка', 3064, 'натуральная кожа 100%'),
(568, 2, 1, 'Футболка', 8831, 'натуральная кожа 100%'),
(569, 2, 1, 'Кроссовки', 9607, 'текстиль 100%'),
(570, 4, 6, 'Футболка', 794, 'текстиль 100%'),
(571, 1, 5, 'Топ', 6606, 'хлопок 100%'),
(572, 2, 4, 'Кроссовки', 7060, 'натуральная кожа 100%'),
(573, 3, 3, 'Топ', 5330, 'хлопок 100%'),
(574, 2, 2, 'Футболка', 5568, 'текстиль 100%'),
(575, 4, 2, 'Майка', 1901, 'натуральная кожа 100%'),
(576, 2, 4, 'Кроссовки', 6960, 'натуральная кожа 100%'),
(577, 2, 3, 'Топ', 4246, 'текстиль 100%'),
(578, 1, 6, 'Топ', 9708, 'Полиэстер 85% хлопок 15%'),
(579, 1, 3, 'Футболка', 4252, 'натуральная кожа 100%'),
(580, 1, 1, 'Тапочки', 8710, 'хлопок 100%'),
(581, 2, 4, 'Тапочки', 8937, 'текстиль 100%'),
(582, 1, 4, 'Топ', 7359, 'Полиэстер 85% хлопок 15%'),
(583, 1, 1, 'Топ', 1320, 'натуральная кожа 100%'),
(584, 1, 6, 'Майка', 9551, 'Полиэстер 85% хлопок 15%'),
(585, 2, 6, 'Майка', 8842, 'хлопок 100%'),
(586, 1, 3, 'Тапочки', 9433, 'текстиль 100%'),
(587, 1, 6, 'Футболка', 5038, 'натуральная кожа 100%'),
(588, 3, 6, 'Топ', 6327, 'текстиль 100%'),
(589, 2, 5, 'Топ', 3411, 'хлопок 100%'),
(590, 1, 3, 'Топ', 8032, 'хлопок 100%'),
(591, 2, 4, 'Футболка', 4849, 'текстиль 100%'),
(592, 2, 3, 'Тапочки', 1257, 'хлопок 100%'),
(593, 4, 6, 'Кроссовки', 2845, 'натуральная кожа 100%'),
(594, 4, 1, 'Топ', 1286, 'хлопок 100%'),
(595, 4, 3, 'Футболка', 9366, 'хлопок 100%'),
(596, 2, 3, 'Топ', 6255, 'Полиэстер 85% хлопок 15%'),
(597, 3, 3, 'Топ', 7525, 'натуральная кожа 100%'),
(598, 4, 2, 'Футболка', 4567, 'хлопок 100%'),
(599, 2, 6, 'Майка', 5900, 'натуральная кожа 100%'),
(600, 3, 4, 'Футболка', 3407, 'текстиль 100%'),
(601, 1, 5, 'Кроссовки', 5353, 'натуральная кожа 100%'),
(602, 2, 2, 'Тапочки', 2838, 'натуральная кожа 100%'),
(603, 2, 1, 'Футболка', 2499, 'натуральная кожа 100%'),
(604, 1, 5, 'Топ', 9690, 'Полиэстер 85% хлопок 15%'),
(605, 2, 1, 'Майка', 7657, 'Полиэстер 85% хлопок 15%'),
(606, 4, 2, 'Майка', 3103, 'Полиэстер 85% хлопок 15%'),
(607, 4, 2, 'Тапочки', 7956, 'текстиль 100%'),
(608, 4, 1, 'Тапочки', 4099, 'текстиль 100%'),
(609, 2, 4, 'Кроссовки', 4570, 'хлопок 100%'),
(610, 4, 1, 'Тапочки', 8758, 'хлопок 100%'),
(611, 2, 1, 'Тапочки', 2935, 'Полиэстер 85% хлопок 15%'),
(612, 2, 4, 'Футболка', 1920, 'текстиль 100%'),
(613, 4, 2, 'Кроссовки', 9965, 'Полиэстер 85% хлопок 15%'),
(614, 1, 4, 'Топ', 4070, 'текстиль 100%'),
(615, 4, 1, 'Кроссовки', 1100, 'хлопок 100%'),
(616, 2, 6, 'Кроссовки', 9007, 'Полиэстер 85% хлопок 15%'),
(617, 3, 1, 'Кроссовки', 1454, 'Полиэстер 85% хлопок 15%'),
(618, 2, 3, 'Майка', 4296, 'Полиэстер 85% хлопок 15%'),
(619, 1, 6, 'Тапочки', 8670, 'текстиль 100%'),
(620, 4, 3, 'Кроссовки', 3672, 'текстиль 100%'),
(621, 3, 5, 'Майка', 8915, 'натуральная кожа 100%'),
(622, 2, 6, 'Тапочки', 3264, 'текстиль 100%'),
(623, 2, 3, 'Футболка', 4892, 'хлопок 100%'),
(624, 3, 2, 'Футболка', 2131, 'хлопок 100%'),
(625, 3, 4, 'Майка', 9945, 'хлопок 100%'),
(626, 3, 1, 'Футболка', 628, 'хлопок 100%'),
(627, 4, 4, 'Майка', 4630, 'хлопок 100%'),
(628, 1, 4, 'Тапочки', 8652, 'натуральная кожа 100%'),
(629, 1, 6, 'Майка', 7966, 'текстиль 100%'),
(630, 2, 1, 'Майка', 6880, 'натуральная кожа 100%'),
(631, 3, 6, 'Кроссовки', 623, 'хлопок 100%'),
(632, 1, 2, 'Тапочки', 5171, 'натуральная кожа 100%'),
(633, 4, 3, 'Футболка', 8425, 'Полиэстер 85% хлопок 15%'),
(634, 2, 4, 'Кроссовки', 3233, 'натуральная кожа 100%'),
(635, 2, 6, 'Кроссовки', 5688, 'текстиль 100%'),
(636, 1, 4, 'Майка', 9115, 'натуральная кожа 100%'),
(637, 3, 4, 'Футболка', 8600, 'Полиэстер 85% хлопок 15%'),
(638, 2, 3, 'Кроссовки', 7314, 'текстиль 100%'),
(639, 1, 3, 'Кроссовки', 4129, 'хлопок 100%'),
(640, 1, 2, 'Футболка', 9724, 'натуральная кожа 100%'),
(641, 4, 4, 'Майка', 8845, 'натуральная кожа 100%'),
(642, 1, 4, 'Кроссовки', 8593, 'текстиль 100%'),
(643, 1, 6, 'Кроссовки', 2609, 'натуральная кожа 100%'),
(644, 2, 5, 'Футболка', 4050, 'Полиэстер 85% хлопок 15%'),
(645, 4, 2, 'Топ', 5355, 'Полиэстер 85% хлопок 15%'),
(646, 4, 1, 'Тапочки', 5388, 'Полиэстер 85% хлопок 15%'),
(647, 2, 4, 'Кроссовки', 7735, 'текстиль 100%'),
(648, 3, 6, 'Майка', 4747, 'хлопок 100%'),
(649, 2, 2, 'Топ', 867, 'хлопок 100%'),
(650, 3, 4, 'Футболка', 508, 'хлопок 100%'),
(651, 2, 5, 'Тапочки', 9183, 'Полиэстер 85% хлопок 15%'),
(652, 3, 4, 'Тапочки', 7547, 'Полиэстер 85% хлопок 15%'),
(653, 3, 1, 'Футболка', 1576, 'текстиль 100%'),
(654, 4, 2, 'Топ', 3861, 'текстиль 100%'),
(655, 4, 6, 'Майка', 1676, 'хлопок 100%'),
(656, 4, 4, 'Топ', 2399, 'текстиль 100%'),
(657, 4, 4, 'Топ', 8238, 'Полиэстер 85% хлопок 15%'),
(658, 1, 2, 'Топ', 5037, 'текстиль 100%'),
(659, 3, 3, 'Топ', 9561, 'текстиль 100%'),
(660, 1, 4, 'Футболка', 8291, 'текстиль 100%'),
(661, 3, 4, 'Кроссовки', 4658, 'натуральная кожа 100%'),
(662, 3, 2, 'Кроссовки', 2366, 'натуральная кожа 100%'),
(663, 2, 4, 'Тапочки', 9272, 'Полиэстер 85% хлопок 15%'),
(664, 2, 2, 'Тапочки', 9434, 'хлопок 100%'),
(665, 1, 3, 'Кроссовки', 5506, 'хлопок 100%'),
(666, 2, 6, 'Футболка', 9186, 'текстиль 100%'),
(667, 4, 3, 'Майка', 3309, 'текстиль 100%'),
(668, 2, 1, 'Майка', 3605, 'хлопок 100%'),
(669, 1, 6, 'Кроссовки', 6302, 'Полиэстер 85% хлопок 15%'),
(670, 3, 5, 'Майка', 9138, 'натуральная кожа 100%'),
(671, 4, 5, 'Майка', 2934, 'натуральная кожа 100%'),
(672, 1, 3, 'Топ', 7166, 'Полиэстер 85% хлопок 15%'),
(673, 2, 3, 'Топ', 6962, 'текстиль 100%'),
(674, 1, 3, 'Футболка', 3913, 'хлопок 100%'),
(675, 3, 6, 'Тапочки', 5709, 'Полиэстер 85% хлопок 15%'),
(676, 3, 1, 'Майка', 4452, 'хлопок 100%'),
(677, 3, 3, 'Майка', 2394, 'натуральная кожа 100%'),
(678, 2, 1, 'Топ', 3149, 'хлопок 100%'),
(679, 2, 3, 'Топ', 2432, 'текстиль 100%'),
(680, 4, 5, 'Кроссовки', 5575, 'натуральная кожа 100%'),
(681, 2, 3, 'Футболка', 5318, 'хлопок 100%'),
(682, 2, 4, 'Майка', 7171, 'хлопок 100%'),
(683, 2, 2, 'Майка', 7569, 'текстиль 100%'),
(684, 4, 6, 'Тапочки', 6569, 'натуральная кожа 100%'),
(685, 4, 1, 'Тапочки', 6190, 'натуральная кожа 100%'),
(686, 4, 3, 'Футболка', 5193, 'хлопок 100%'),
(687, 2, 3, 'Кроссовки', 8599, 'хлопок 100%'),
(688, 2, 6, 'Топ', 8632, 'натуральная кожа 100%'),
(689, 2, 4, 'Тапочки', 2949, 'натуральная кожа 100%'),
(690, 4, 5, 'Тапочки', 5769, 'текстиль 100%'),
(691, 4, 1, 'Тапочки', 3877, 'текстиль 100%'),
(692, 4, 6, 'Футболка', 5843, 'натуральная кожа 100%'),
(693, 2, 3, 'Кроссовки', 2679, 'Полиэстер 85% хлопок 15%'),
(694, 3, 6, 'Футболка', 6905, 'хлопок 100%'),
(695, 3, 3, 'Майка', 3846, 'натуральная кожа 100%'),
(696, 2, 6, 'Топ', 9991, 'хлопок 100%'),
(697, 3, 2, 'Кроссовки', 7966, 'текстиль 100%'),
(698, 1, 5, 'Футболка', 6591, 'натуральная кожа 100%'),
(699, 2, 4, 'Майка', 5305, 'Полиэстер 85% хлопок 15%'),
(700, 3, 5, 'Майка', 6561, 'Полиэстер 85% хлопок 15%'),
(701, 1, 4, 'Футболка', 4248, 'текстиль 100%'),
(702, 1, 3, 'Майка', 6430, 'текстиль 100%'),
(703, 3, 3, 'Футболка', 8787, 'текстиль 100%'),
(704, 2, 6, 'Кроссовки', 2587, 'текстиль 100%'),
(705, 2, 2, 'Майка', 2021, 'текстиль 100%'),
(706, 3, 3, 'Топ', 8576, 'текстиль 100%'),
(707, 4, 3, 'Кроссовки', 4363, 'текстиль 100%'),
(708, 3, 4, 'Тапочки', 512, 'натуральная кожа 100%'),
(709, 2, 4, 'Тапочки', 2987, 'текстиль 100%'),
(710, 3, 1, 'Майка', 2843, 'текстиль 100%'),
(711, 4, 3, 'Майка', 4960, 'хлопок 100%'),
(712, 3, 2, 'Футболка', 3332, 'текстиль 100%'),
(713, 4, 2, 'Майка', 3965, 'хлопок 100%'),
(714, 1, 6, 'Кроссовки', 1157, 'Полиэстер 85% хлопок 15%'),
(715, 3, 6, 'Майка', 1675, 'текстиль 100%'),
(716, 2, 1, 'Тапочки', 5078, 'хлопок 100%'),
(717, 3, 1, 'Топ', 1902, 'натуральная кожа 100%'),
(718, 3, 5, 'Кроссовки', 6854, 'хлопок 100%'),
(719, 4, 3, 'Футболка', 8520, 'натуральная кожа 100%'),
(720, 2, 4, 'Футболка', 6994, 'текстиль 100%'),
(721, 4, 6, 'Топ', 5535, 'текстиль 100%'),
(722, 1, 6, 'Топ', 7456, 'хлопок 100%'),
(723, 4, 6, 'Тапочки', 9233, 'Полиэстер 85% хлопок 15%'),
(724, 4, 3, 'Тапочки', 9117, 'хлопок 100%'),
(725, 3, 6, 'Майка', 2144, 'натуральная кожа 100%'),
(726, 2, 1, 'Футболка', 4362, 'Полиэстер 85% хлопок 15%'),
(727, 4, 6, 'Кроссовки', 7060, 'текстиль 100%'),
(728, 2, 6, 'Футболка', 9672, 'натуральная кожа 100%'),
(729, 2, 1, 'Футболка', 5662, 'натуральная кожа 100%'),
(730, 4, 4, 'Тапочки', 3577, 'текстиль 100%'),
(731, 2, 4, 'Топ', 2776, 'натуральная кожа 100%'),
(732, 1, 3, 'Футболка', 6356, 'Полиэстер 85% хлопок 15%'),
(733, 2, 6, 'Тапочки', 3682, 'натуральная кожа 100%'),
(734, 2, 3, 'Топ', 8389, 'натуральная кожа 100%'),
(735, 4, 5, 'Футболка', 9882, 'хлопок 100%'),
(736, 3, 5, 'Футболка', 2343, 'Полиэстер 85% хлопок 15%'),
(737, 3, 2, 'Футболка', 5895, 'текстиль 100%'),
(738, 1, 4, 'Майка', 612, 'текстиль 100%'),
(739, 3, 6, 'Футболка', 4400, 'текстиль 100%'),
(740, 3, 1, 'Топ', 8450, 'текстиль 100%'),
(741, 2, 4, 'Майка', 3047, 'хлопок 100%'),
(742, 3, 6, 'Майка', 4845, 'натуральная кожа 100%'),
(743, 3, 4, 'Топ', 9449, 'натуральная кожа 100%'),
(744, 2, 3, 'Топ', 8190, 'хлопок 100%'),
(745, 2, 2, 'Кроссовки', 7970, 'натуральная кожа 100%'),
(746, 4, 1, 'Майка', 2186, 'текстиль 100%'),
(747, 1, 5, 'Майка', 9104, 'Полиэстер 85% хлопок 15%'),
(748, 2, 3, 'Майка', 7965, 'Полиэстер 85% хлопок 15%'),
(749, 1, 1, 'Топ', 9046, 'текстиль 100%'),
(750, 4, 2, 'Тапочки', 1210, 'Полиэстер 85% хлопок 15%'),
(751, 1, 1, 'Майка', 5617, 'хлопок 100%'),
(752, 4, 1, 'Футболка', 7574, 'хлопок 100%'),
(753, 3, 6, 'Кроссовки', 8173, 'хлопок 100%'),
(754, 3, 6, 'Футболка', 8272, 'Полиэстер 85% хлопок 15%'),
(755, 2, 1, 'Майка', 8914, 'хлопок 100%'),
(756, 2, 5, 'Футболка', 3598, 'текстиль 100%'),
(757, 4, 2, 'Тапочки', 3821, 'текстиль 100%'),
(758, 4, 6, 'Тапочки', 720, 'Полиэстер 85% хлопок 15%'),
(759, 4, 1, 'Кроссовки', 793, 'текстиль 100%'),
(760, 3, 5, 'Футболка', 7740, 'хлопок 100%'),
(761, 3, 4, 'Футболка', 6313, 'текстиль 100%'),
(762, 3, 5, 'Майка', 7928, 'Полиэстер 85% хлопок 15%'),
(763, 3, 5, 'Тапочки', 4396, 'хлопок 100%'),
(764, 4, 2, 'Футболка', 8883, 'Полиэстер 85% хлопок 15%'),
(765, 4, 1, 'Майка', 8457, 'Полиэстер 85% хлопок 15%'),
(766, 2, 6, 'Топ', 4207, 'Полиэстер 85% хлопок 15%'),
(767, 3, 1, 'Кроссовки', 6077, 'хлопок 100%'),
(768, 1, 4, 'Тапочки', 8029, 'текстиль 100%'),
(769, 2, 5, 'Топ', 6510, 'натуральная кожа 100%'),
(770, 1, 1, 'Топ', 632, 'хлопок 100%'),
(771, 4, 4, 'Майка', 3660, 'хлопок 100%'),
(772, 2, 5, 'Топ', 6772, 'текстиль 100%'),
(773, 2, 2, 'Тапочки', 9817, 'текстиль 100%'),
(774, 1, 5, 'Майка', 4096, 'хлопок 100%'),
(775, 1, 2, 'Футболка', 3687, 'Полиэстер 85% хлопок 15%'),
(776, 4, 1, 'Футболка', 8895, 'хлопок 100%'),
(777, 2, 6, 'Топ', 2398, 'хлопок 100%'),
(778, 2, 2, 'Футболка', 6957, 'текстиль 100%'),
(779, 4, 1, 'Топ', 4299, 'текстиль 100%'),
(780, 4, 5, 'Топ', 4021, 'натуральная кожа 100%'),
(781, 4, 2, 'Тапочки', 8071, 'натуральная кожа 100%'),
(782, 3, 6, 'Футболка', 8626, 'текстиль 100%'),
(783, 2, 4, 'Тапочки', 4049, 'хлопок 100%'),
(784, 1, 5, 'Футболка', 6506, 'хлопок 100%'),
(785, 4, 1, 'Тапочки', 4565, 'хлопок 100%'),
(786, 3, 4, 'Кроссовки', 2759, 'хлопок 100%'),
(787, 4, 5, 'Топ', 7565, 'текстиль 100%'),
(788, 2, 6, 'Футболка', 7024, 'Полиэстер 85% хлопок 15%'),
(789, 2, 2, 'Майка', 2189, 'хлопок 100%'),
(790, 4, 2, 'Тапочки', 1996, 'текстиль 100%'),
(791, 1, 1, 'Футболка', 6525, 'Полиэстер 85% хлопок 15%'),
(792, 3, 3, 'Майка', 2029, 'натуральная кожа 100%'),
(793, 3, 2, 'Топ', 1089, 'текстиль 100%'),
(794, 2, 3, 'Топ', 9979, 'текстиль 100%'),
(795, 4, 6, 'Топ', 9038, 'хлопок 100%'),
(796, 3, 3, 'Кроссовки', 8905, 'натуральная кожа 100%'),
(797, 2, 3, 'Кроссовки', 5748, 'Полиэстер 85% хлопок 15%'),
(798, 3, 2, 'Топ', 6115, 'хлопок 100%'),
(799, 3, 3, 'Футболка', 2909, 'текстиль 100%'),
(800, 1, 2, 'Кроссовки', 7529, 'Полиэстер 85% хлопок 15%'),
(801, 4, 2, 'Топ', 4758, 'текстиль 100%'),
(802, 1, 3, 'Футболка', 5007, 'натуральная кожа 100%'),
(803, 1, 2, 'Тапочки', 8088, 'натуральная кожа 100%'),
(804, 1, 4, 'Футболка', 3564, 'Полиэстер 85% хлопок 15%'),
(805, 1, 2, 'Тапочки', 8024, 'хлопок 100%'),
(806, 1, 6, 'Майка', 3137, 'Полиэстер 85% хлопок 15%'),
(807, 2, 5, 'Кроссовки', 7264, 'текстиль 100%'),
(808, 4, 6, 'Тапочки', 2338, 'хлопок 100%'),
(809, 2, 1, 'Футболка', 7829, 'текстиль 100%'),
(810, 3, 1, 'Футболка', 2744, 'Полиэстер 85% хлопок 15%'),
(811, 2, 2, 'Футболка', 2032, 'Полиэстер 85% хлопок 15%'),
(812, 2, 5, 'Топ', 7967, 'текстиль 100%'),
(813, 2, 2, 'Кроссовки', 4980, 'натуральная кожа 100%'),
(814, 4, 4, 'Топ', 4131, 'хлопок 100%'),
(815, 3, 1, 'Топ', 2833, 'натуральная кожа 100%'),
(816, 3, 1, 'Кроссовки', 1056, 'хлопок 100%'),
(817, 4, 6, 'Майка', 3418, 'текстиль 100%'),
(818, 1, 1, 'Топ', 6365, 'натуральная кожа 100%'),
(819, 1, 4, 'Кроссовки', 1678, 'натуральная кожа 100%'),
(820, 4, 3, 'Тапочки', 7281, 'хлопок 100%'),
(821, 4, 3, 'Кроссовки', 8245, 'хлопок 100%'),
(822, 1, 4, 'Топ', 5260, 'Полиэстер 85% хлопок 15%'),
(823, 3, 3, 'Кроссовки', 6474, 'хлопок 100%'),
(824, 2, 1, 'Кроссовки', 3611, 'хлопок 100%'),
(825, 2, 2, 'Тапочки', 3976, 'текстиль 100%'),
(826, 2, 3, 'Топ', 1011, 'натуральная кожа 100%'),
(827, 2, 1, 'Кроссовки', 8396, 'хлопок 100%'),
(828, 3, 4, 'Футболка', 2716, 'хлопок 100%'),
(829, 3, 1, 'Майка', 9134, 'натуральная кожа 100%'),
(830, 1, 1, 'Майка', 3162, 'Полиэстер 85% хлопок 15%'),
(831, 2, 3, 'Кроссовки', 7705, 'Полиэстер 85% хлопок 15%'),
(832, 4, 6, 'Кроссовки', 7994, 'натуральная кожа 100%'),
(833, 2, 3, 'Топ', 5755, 'хлопок 100%'),
(834, 3, 4, 'Топ', 4645, 'натуральная кожа 100%'),
(835, 3, 1, 'Футболка', 8189, 'хлопок 100%'),
(836, 4, 5, 'Майка', 7213, 'текстиль 100%'),
(837, 4, 3, 'Тапочки', 8358, 'натуральная кожа 100%'),
(838, 1, 2, 'Майка', 1194, 'хлопок 100%'),
(839, 1, 5, 'Тапочки', 9487, 'натуральная кожа 100%'),
(840, 2, 2, 'Кроссовки', 1221, 'текстиль 100%'),
(841, 4, 2, 'Тапочки', 3637, 'текстиль 100%'),
(842, 3, 4, 'Майка', 7147, 'натуральная кожа 100%'),
(843, 2, 5, 'Топ', 5301, 'Полиэстер 85% хлопок 15%'),
(844, 1, 6, 'Футболка', 3835, 'Полиэстер 85% хлопок 15%'),
(845, 2, 1, 'Топ', 1607, 'хлопок 100%'),
(846, 1, 3, 'Футболка', 4809, 'Полиэстер 85% хлопок 15%'),
(847, 1, 4, 'Майка', 1234, 'Полиэстер 85% хлопок 15%'),
(848, 4, 6, 'Футболка', 6793, 'текстиль 100%'),
(849, 1, 3, 'Тапочки', 7367, 'текстиль 100%'),
(850, 3, 5, 'Майка', 6126, 'натуральная кожа 100%'),
(851, 3, 5, 'Топ', 8807, 'Полиэстер 85% хлопок 15%'),
(852, 1, 1, 'Тапочки', 4627, 'хлопок 100%'),
(853, 2, 6, 'Топ', 5415, 'текстиль 100%'),
(854, 3, 6, 'Тапочки', 3051, 'хлопок 100%'),
(855, 4, 3, 'Тапочки', 2006, 'текстиль 100%'),
(856, 2, 1, 'Майка', 9063, 'текстиль 100%'),
(857, 1, 6, 'Топ', 6466, 'текстиль 100%'),
(858, 4, 3, 'Тапочки', 7352, 'текстиль 100%'),
(859, 3, 4, 'Кроссовки', 7588, 'Полиэстер 85% хлопок 15%'),
(860, 4, 4, 'Кроссовки', 810, 'натуральная кожа 100%'),
(861, 2, 5, 'Футболка', 2866, 'натуральная кожа 100%'),
(862, 1, 4, 'Топ', 9027, 'натуральная кожа 100%'),
(863, 4, 6, 'Майка', 503, 'Полиэстер 85% хлопок 15%'),
(864, 3, 5, 'Майка', 5390, 'хлопок 100%'),
(865, 3, 2, 'Топ', 5430, 'хлопок 100%'),
(866, 1, 3, 'Кроссовки', 8089, 'натуральная кожа 100%'),
(867, 3, 4, 'Топ', 4479, 'текстиль 100%'),
(868, 4, 6, 'Кроссовки', 7700, 'текстиль 100%'),
(869, 1, 2, 'Кроссовки', 4405, 'текстиль 100%'),
(870, 4, 3, 'Топ', 1552, 'хлопок 100%'),
(871, 1, 3, 'Тапочки', 7504, 'Полиэстер 85% хлопок 15%'),
(872, 1, 2, 'Кроссовки', 7620, 'натуральная кожа 100%'),
(873, 2, 4, 'Топ', 4654, 'Полиэстер 85% хлопок 15%'),
(874, 2, 1, 'Майка', 6553, 'Полиэстер 85% хлопок 15%'),
(875, 2, 3, 'Футболка', 1288, 'хлопок 100%'),
(876, 2, 4, 'Футболка', 7490, 'натуральная кожа 100%'),
(877, 2, 3, 'Майка', 9995, 'Полиэстер 85% хлопок 15%'),
(878, 1, 3, 'Кроссовки', 1802, 'Полиэстер 85% хлопок 15%'),
(879, 3, 1, 'Тапочки', 1197, 'Полиэстер 85% хлопок 15%'),
(880, 4, 1, 'Топ', 5127, 'Полиэстер 85% хлопок 15%'),
(881, 2, 1, 'Футболка', 6098, 'хлопок 100%'),
(882, 1, 1, 'Тапочки', 1888, 'Полиэстер 85% хлопок 15%'),
(883, 2, 5, 'Футболка', 4145, 'текстиль 100%'),
(884, 2, 2, 'Майка', 4285, 'Полиэстер 85% хлопок 15%'),
(885, 4, 6, 'Тапочки', 5397, 'натуральная кожа 100%'),
(886, 4, 2, 'Футболка', 9439, 'хлопок 100%'),
(887, 3, 5, 'Кроссовки', 4924, 'хлопок 100%'),
(888, 2, 4, 'Кроссовки', 2008, 'натуральная кожа 100%'),
(889, 2, 3, 'Кроссовки', 5402, 'текстиль 100%'),
(890, 2, 3, 'Майка', 6335, 'Полиэстер 85% хлопок 15%'),
(891, 4, 5, 'Топ', 7023, 'текстиль 100%'),
(892, 3, 3, 'Майка', 5897, 'натуральная кожа 100%'),
(893, 3, 1, 'Майка', 4460, 'Полиэстер 85% хлопок 15%'),
(894, 1, 1, 'Футболка', 6596, 'натуральная кожа 100%'),
(895, 2, 6, 'Топ', 2452, 'текстиль 100%'),
(896, 1, 4, 'Кроссовки', 6224, 'Полиэстер 85% хлопок 15%'),
(897, 4, 5, 'Кроссовки', 7222, 'Полиэстер 85% хлопок 15%'),
(898, 1, 2, 'Футболка', 3351, 'Полиэстер 85% хлопок 15%'),
(899, 3, 5, 'Тапочки', 5676, 'Полиэстер 85% хлопок 15%'),
(900, 4, 5, 'Тапочки', 8081, 'Полиэстер 85% хлопок 15%'),
(901, 3, 2, 'Тапочки', 8312, 'Полиэстер 85% хлопок 15%'),
(902, 4, 2, 'Футболка', 3552, 'Полиэстер 85% хлопок 15%'),
(903, 1, 6, 'Топ', 5907, 'Полиэстер 85% хлопок 15%'),
(904, 4, 1, 'Топ', 1248, 'натуральная кожа 100%'),
(905, 3, 3, 'Майка', 4513, 'текстиль 100%'),
(906, 1, 4, 'Майка', 5378, 'хлопок 100%'),
(907, 4, 2, 'Футболка', 4273, 'хлопок 100%'),
(908, 2, 3, 'Футболка', 6868, 'Полиэстер 85% хлопок 15%'),
(909, 1, 4, 'Майка', 8006, 'натуральная кожа 100%'),
(910, 4, 3, 'Кроссовки', 7125, 'натуральная кожа 100%'),
(911, 4, 2, 'Футболка', 7871, 'текстиль 100%'),
(912, 2, 5, 'Футболка', 2533, 'хлопок 100%'),
(913, 3, 4, 'Майка', 3148, 'текстиль 100%'),
(914, 1, 3, 'Футболка', 6666, 'текстиль 100%'),
(915, 1, 2, 'Кроссовки', 4917, 'текстиль 100%'),
(916, 2, 1, 'Топ', 4487, 'текстиль 100%'),
(917, 1, 3, 'Кроссовки', 8224, 'хлопок 100%'),
(918, 1, 6, 'Майка', 9216, 'текстиль 100%'),
(919, 1, 4, 'Тапочки', 9346, 'натуральная кожа 100%'),
(920, 2, 1, 'Топ', 1629, 'натуральная кожа 100%'),
(921, 4, 5, 'Тапочки', 7177, 'Полиэстер 85% хлопок 15%'),
(922, 1, 6, 'Тапочки', 4319, 'натуральная кожа 100%'),
(923, 1, 4, 'Тапочки', 561, 'хлопок 100%'),
(924, 3, 1, 'Майка', 9013, 'натуральная кожа 100%'),
(925, 2, 5, 'Майка', 3301, 'хлопок 100%'),
(926, 1, 5, 'Футболка', 5443, 'натуральная кожа 100%'),
(927, 2, 2, 'Топ', 2238, 'натуральная кожа 100%'),
(928, 2, 1, 'Кроссовки', 1537, 'Полиэстер 85% хлопок 15%'),
(929, 2, 2, 'Тапочки', 5689, 'текстиль 100%'),
(930, 1, 1, 'Топ', 2564, 'текстиль 100%'),
(931, 3, 5, 'Тапочки', 7544, 'текстиль 100%'),
(932, 2, 1, 'Топ', 3080, 'натуральная кожа 100%'),
(933, 1, 4, 'Тапочки', 7181, 'текстиль 100%'),
(934, 4, 1, 'Кроссовки', 6637, 'натуральная кожа 100%'),
(935, 1, 1, 'Майка', 5329, 'текстиль 100%'),
(936, 2, 5, 'Футболка', 5497, 'хлопок 100%'),
(937, 4, 3, 'Тапочки', 9064, 'натуральная кожа 100%'),
(938, 3, 3, 'Майка', 3783, 'Полиэстер 85% хлопок 15%'),
(939, 4, 5, 'Кроссовки', 2766, 'Полиэстер 85% хлопок 15%'),
(940, 3, 6, 'Тапочки', 7931, 'хлопок 100%'),
(941, 1, 4, 'Кроссовки', 2695, 'Полиэстер 85% хлопок 15%'),
(942, 2, 6, 'Топ', 6805, 'натуральная кожа 100%'),
(943, 3, 3, 'Топ', 6559, 'натуральная кожа 100%'),
(944, 1, 5, 'Майка', 9534, 'хлопок 100%'),
(945, 1, 2, 'Топ', 2801, 'хлопок 100%'),
(946, 2, 6, 'Майка', 4573, 'Полиэстер 85% хлопок 15%'),
(947, 3, 6, 'Футболка', 7937, 'хлопок 100%'),
(948, 2, 6, 'Тапочки', 1891, 'хлопок 100%'),
(949, 3, 3, 'Майка', 8855, 'натуральная кожа 100%'),
(950, 4, 4, 'Тапочки', 5905, 'натуральная кожа 100%'),
(951, 2, 6, 'Футболка', 3503, 'Полиэстер 85% хлопок 15%'),
(952, 3, 6, 'Топ', 3580, 'хлопок 100%'),
(953, 3, 1, 'Кроссовки', 8480, 'текстиль 100%'),
(954, 4, 3, 'Майка', 9377, 'хлопок 100%'),
(955, 4, 6, 'Майка', 4716, 'текстиль 100%'),
(956, 3, 2, 'Кроссовки', 3235, 'натуральная кожа 100%'),
(957, 2, 2, 'Топ', 9409, 'Полиэстер 85% хлопок 15%'),
(958, 2, 6, 'Топ', 2319, 'Полиэстер 85% хлопок 15%'),
(959, 3, 3, 'Майка', 9577, 'хлопок 100%'),
(960, 1, 5, 'Тапочки', 2488, 'Полиэстер 85% хлопок 15%'),
(961, 2, 1, 'Футболка', 4222, 'текстиль 100%'),
(962, 3, 3, 'Футболка', 3785, 'Полиэстер 85% хлопок 15%'),
(963, 2, 2, 'Кроссовки', 2182, 'текстиль 100%'),
(964, 3, 6, 'Майка', 5372, 'натуральная кожа 100%'),
(965, 3, 5, 'Топ', 1980, 'текстиль 100%'),
(966, 2, 3, 'Майка', 2076, 'Полиэстер 85% хлопок 15%'),
(967, 4, 6, 'Тапочки', 7700, 'текстиль 100%'),
(968, 4, 6, 'Футболка', 5282, 'натуральная кожа 100%'),
(969, 2, 3, 'Кроссовки', 9749, 'хлопок 100%'),
(970, 1, 1, 'Майка', 3698, 'натуральная кожа 100%'),
(971, 3, 5, 'Кроссовки', 4459, 'текстиль 100%'),
(972, 2, 6, 'Тапочки', 6328, 'текстиль 100%'),
(973, 1, 1, 'Футболка', 1949, 'Полиэстер 85% хлопок 15%'),
(974, 3, 3, 'Майка', 6941, 'Полиэстер 85% хлопок 15%'),
(975, 4, 1, 'Топ', 2260, 'текстиль 100%'),
(976, 4, 5, 'Кроссовки', 8983, 'текстиль 100%'),
(977, 4, 6, 'Топ', 5622, 'хлопок 100%'),
(978, 4, 5, 'Тапочки', 840, 'натуральная кожа 100%'),
(979, 3, 4, 'Топ', 3655, 'Полиэстер 85% хлопок 15%'),
(980, 1, 4, 'Кроссовки', 757, 'хлопок 100%'),
(981, 3, 5, 'Тапочки', 1656, 'натуральная кожа 100%'),
(982, 4, 1, 'Футболка', 6768, 'хлопок 100%'),
(983, 1, 1, 'Кроссовки', 2268, 'хлопок 100%'),
(984, 3, 2, 'Тапочки', 1307, 'натуральная кожа 100%'),
(985, 4, 6, 'Футболка', 3506, 'хлопок 100%'),
(986, 1, 5, 'Майка', 4944, 'Полиэстер 85% хлопок 15%'),
(987, 1, 1, 'Майка', 8341, 'текстиль 100%'),
(988, 2, 3, 'Тапочки', 5434, 'текстиль 100%'),
(989, 2, 1, 'Футболка', 4135, 'натуральная кожа 100%'),
(990, 1, 4, 'Футболка', 1750, 'Полиэстер 85% хлопок 15%'),
(991, 3, 6, 'Топ', 994, 'текстиль 100%'),
(992, 3, 3, 'Футболка', 8956, 'текстиль 100%'),
(993, 1, 4, 'Топ', 7160, 'Полиэстер 85% хлопок 15%'),
(994, 4, 4, 'Кроссовки', 8256, 'текстиль 100%'),
(995, 4, 1, 'Топ', 3756, 'текстиль 100%'),
(996, 4, 2, 'Кроссовки', 5190, 'Полиэстер 85% хлопок 15%'),
(997, 2, 4, 'Майка', 2669, 'хлопок 100%'),
(998, 3, 6, 'Топ', 7642, 'Полиэстер 85% хлопок 15%'),
(999, 1, 1, 'Тапочки', 9265, 'Полиэстер 85% хлопок 15%'),
(1000, 1, 4, 'Тапочки', 1285, 'Полиэстер 85% хлопок 15%'),
(1001, 2, 3, 'Футболка', 3685, 'хлопок 100%'),
(1002, 4, 3, 'Футболка', 4397, 'Полиэстер 85% хлопок 15%'),
(1003, 4, 2, 'Майка', 2433, 'Полиэстер 85% хлопок 15%'),
(1004, 1, 3, 'Тапочки', 4414, 'текстиль 100%'),
(1005, 4, 2, 'Футболка', 2691, 'хлопок 100%'),
(1006, 3, 1, 'Топ', 9130, 'текстиль 100%'),
(1007, 3, 2, 'Тапочки', 2551, 'текстиль 100%'),
(1008, 2, 3, 'Тапочки', 2958, 'текстиль 100%'),
(1009, 1, 1, 'Кроссовки', 4533, 'натуральная кожа 100%'),
(1010, 1, 1, 'Майка', 7275, 'натуральная кожа 100%'),
(1011, 2, 4, 'Майка', 4390, 'текстиль 100%'),
(1012, 3, 6, 'Кроссовки', 5455, 'натуральная кожа 100%'),
(1013, 2, 5, 'Топ', 615, 'хлопок 100%'),
(1014, 3, 6, 'Майка', 2615, 'натуральная кожа 100%'),
(1015, 1, 4, 'Тапочки', 9630, 'текстиль 100%'),
(1016, 1, 3, 'Тапочки', 8898, 'текстиль 100%'),
(1017, 1, 3, 'Тапочки', 8942, 'текстиль 100%'),
(1018, 2, 5, 'Футболка', 5832, 'натуральная кожа 100%'),
(1019, 2, 5, 'Тапочки', 3096, 'текстиль 100%'),
(1020, 1, 3, 'Тапочки', 2090, 'Полиэстер 85% хлопок 15%'),
(1021, 2, 5, 'Кроссовки', 6610, 'текстиль 100%'),
(1022, 1, 2, 'Футболка', 3338, 'Полиэстер 85% хлопок 15%'),
(1023, 2, 5, 'Топ', 7900, 'хлопок 100%'),
(1024, 3, 4, 'Майка', 6028, 'хлопок 100%'),
(1025, 3, 2, 'Футболка', 1973, 'Полиэстер 85% хлопок 15%'),
(1026, 2, 6, 'Топ', 8572, 'Полиэстер 85% хлопок 15%'),
(1027, 3, 4, 'Тапочки', 9454, 'Полиэстер 85% хлопок 15%'),
(1028, 2, 3, 'Майка', 6316, 'хлопок 100%'),
(1029, 3, 4, 'Майка', 7696, 'текстиль 100%'),
(1030, 3, 1, 'Тапочки', 2383, 'Полиэстер 85% хлопок 15%'),
(1031, 3, 4, 'Футболка', 5899, 'натуральная кожа 100%');
INSERT INTO `products` (`id`, `category_id`, `brand_id`, `name`, `price`, `description`) VALUES
(1032, 2, 4, 'Кроссовки', 5659, 'Полиэстер 85% хлопок 15%'),
(1033, 1, 5, 'Футболка', 5770, 'натуральная кожа 100%'),
(1034, 1, 5, 'Футболка', 6958, 'Полиэстер 85% хлопок 15%'),
(1035, 3, 6, 'Тапочки', 3609, 'натуральная кожа 100%'),
(1036, 2, 3, 'Кроссовки', 3706, 'Полиэстер 85% хлопок 15%'),
(1037, 3, 4, 'Майка', 4365, 'текстиль 100%'),
(1038, 4, 5, 'Майка', 2617, 'текстиль 100%'),
(1039, 3, 6, 'Кроссовки', 5676, 'текстиль 100%'),
(1040, 1, 4, 'Тапочки', 2713, 'текстиль 100%'),
(1041, 2, 1, 'Тапочки', 4373, 'текстиль 100%'),
(1042, 2, 6, 'Кроссовки', 8615, 'текстиль 100%'),
(1043, 2, 2, 'Футболка', 6966, 'текстиль 100%'),
(1044, 1, 5, 'Футболка', 8019, 'натуральная кожа 100%'),
(1045, 1, 6, 'Тапочки', 7724, 'текстиль 100%'),
(1046, 3, 5, 'Майка', 5027, 'текстиль 100%'),
(1047, 4, 4, 'Тапочки', 4426, 'Полиэстер 85% хлопок 15%'),
(1048, 1, 5, 'Топ', 2760, 'текстиль 100%'),
(1049, 2, 4, 'Топ', 6948, 'хлопок 100%'),
(1050, 3, 2, 'Футболка', 7579, 'Полиэстер 85% хлопок 15%'),
(1051, 3, 6, 'Футболка', 9238, 'Полиэстер 85% хлопок 15%'),
(1052, 3, 6, 'Кроссовки', 8407, 'хлопок 100%'),
(1053, 1, 1, 'Футболка', 4883, 'Полиэстер 85% хлопок 15%'),
(1054, 2, 5, 'Топ', 7869, 'натуральная кожа 100%'),
(1055, 3, 5, 'Футболка', 3026, 'текстиль 100%'),
(1056, 2, 3, 'Топ', 8615, 'текстиль 100%'),
(1057, 4, 1, 'Майка', 2381, 'хлопок 100%'),
(1058, 1, 3, 'Тапочки', 2879, 'хлопок 100%'),
(1059, 4, 4, 'Кроссовки', 5874, 'хлопок 100%'),
(1060, 4, 1, 'Футболка', 9932, 'текстиль 100%'),
(1061, 2, 4, 'Топ', 3982, 'хлопок 100%'),
(1062, 2, 2, 'Кроссовки', 6599, 'текстиль 100%'),
(1063, 2, 5, 'Тапочки', 2724, 'хлопок 100%'),
(1064, 2, 4, 'Тапочки', 9541, 'хлопок 100%'),
(1065, 1, 6, 'Кроссовки', 9130, 'Полиэстер 85% хлопок 15%'),
(1066, 3, 1, 'Кроссовки', 2442, 'хлопок 100%'),
(1067, 2, 1, 'Тапочки', 997, 'натуральная кожа 100%'),
(1068, 4, 6, 'Майка', 1167, 'текстиль 100%'),
(1069, 2, 6, 'Кроссовки', 2306, 'натуральная кожа 100%'),
(1070, 2, 2, 'Футболка', 2791, 'натуральная кожа 100%'),
(1071, 2, 4, 'Кроссовки', 6344, 'Полиэстер 85% хлопок 15%'),
(1072, 4, 5, 'Кроссовки', 4015, 'натуральная кожа 100%'),
(1073, 1, 5, 'Топ', 8479, 'текстиль 100%'),
(1074, 1, 1, 'Майка', 596, 'натуральная кожа 100%'),
(1075, 3, 4, 'Кроссовки', 4458, 'натуральная кожа 100%'),
(1076, 4, 4, 'Футболка', 9148, 'натуральная кожа 100%'),
(1077, 1, 3, 'Топ', 8572, 'Полиэстер 85% хлопок 15%'),
(1078, 2, 1, 'Майка', 6967, 'натуральная кожа 100%'),
(1079, 3, 4, 'Майка', 1367, 'Полиэстер 85% хлопок 15%'),
(1080, 2, 3, 'Топ', 778, 'текстиль 100%'),
(1081, 3, 2, 'Тапочки', 8252, 'хлопок 100%'),
(1082, 3, 1, 'Майка', 5594, 'Полиэстер 85% хлопок 15%'),
(1083, 4, 4, 'Топ', 8514, 'Полиэстер 85% хлопок 15%'),
(1084, 3, 6, 'Кроссовки', 3815, 'натуральная кожа 100%'),
(1085, 3, 1, 'Кроссовки', 9277, 'натуральная кожа 100%'),
(1086, 2, 2, 'Футболка', 8153, 'текстиль 100%'),
(1087, 2, 1, 'Топ', 8645, 'Полиэстер 85% хлопок 15%'),
(1088, 4, 6, 'Футболка', 6658, 'хлопок 100%'),
(1089, 1, 3, 'Тапочки', 5181, 'Полиэстер 85% хлопок 15%'),
(1090, 2, 1, 'Тапочки', 9897, 'хлопок 100%'),
(1091, 2, 3, 'Тапочки', 2262, 'натуральная кожа 100%'),
(1092, 1, 4, 'Футболка', 4058, 'текстиль 100%'),
(1093, 2, 6, 'Кроссовки', 5190, 'натуральная кожа 100%'),
(1094, 3, 4, 'Топ', 5784, 'текстиль 100%'),
(1095, 1, 5, 'Майка', 1362, 'хлопок 100%'),
(1096, 4, 4, 'Футболка', 1225, 'натуральная кожа 100%'),
(1097, 3, 3, 'Кроссовки', 7989, 'хлопок 100%'),
(1098, 4, 5, 'Кроссовки', 1392, 'Полиэстер 85% хлопок 15%'),
(1099, 1, 5, 'Майка', 6507, 'Полиэстер 85% хлопок 15%'),
(1100, 1, 6, 'Топ', 4248, 'хлопок 100%'),
(1101, 4, 2, 'Тапочки', 4533, 'Полиэстер 85% хлопок 15%'),
(1102, 1, 2, 'Тапочки', 2172, 'Полиэстер 85% хлопок 15%'),
(1103, 2, 5, 'Майка', 1554, 'натуральная кожа 100%'),
(1104, 4, 6, 'Футболка', 833, 'Полиэстер 85% хлопок 15%'),
(1105, 2, 6, 'Майка', 5980, 'Полиэстер 85% хлопок 15%'),
(1106, 2, 4, 'Майка', 6236, 'натуральная кожа 100%'),
(1107, 2, 1, 'Майка', 6246, 'натуральная кожа 100%'),
(1108, 4, 3, 'Майка', 4939, 'текстиль 100%'),
(1109, 1, 5, 'Кроссовки', 9943, 'натуральная кожа 100%'),
(1110, 1, 5, 'Тапочки', 8541, 'натуральная кожа 100%'),
(1111, 3, 6, 'Майка', 5793, 'хлопок 100%'),
(1112, 4, 4, 'Топ', 3307, 'текстиль 100%'),
(1113, 1, 4, 'Топ', 8733, 'натуральная кожа 100%'),
(1114, 3, 2, 'Футболка', 8887, 'Полиэстер 85% хлопок 15%'),
(1115, 1, 6, 'Кроссовки', 2417, 'хлопок 100%'),
(1116, 3, 6, 'Кроссовки', 5904, 'Полиэстер 85% хлопок 15%'),
(1117, 4, 6, 'Кроссовки', 7073, 'натуральная кожа 100%'),
(1118, 1, 2, 'Тапочки', 2428, 'хлопок 100%'),
(1119, 3, 2, 'Топ', 2756, 'хлопок 100%'),
(1120, 3, 1, 'Кроссовки', 2705, 'хлопок 100%'),
(1121, 2, 1, 'Топ', 9181, 'хлопок 100%'),
(1122, 2, 6, 'Майка', 3201, 'натуральная кожа 100%'),
(1123, 2, 2, 'Футболка', 4204, 'хлопок 100%'),
(1124, 2, 4, 'Кроссовки', 6861, 'натуральная кожа 100%'),
(1125, 3, 1, 'Футболка', 7824, 'хлопок 100%'),
(1126, 2, 6, 'Топ', 6065, 'Полиэстер 85% хлопок 15%'),
(1127, 4, 5, 'Майка', 8571, 'хлопок 100%'),
(1128, 4, 4, 'Топ', 3856, 'хлопок 100%'),
(1129, 4, 6, 'Майка', 7915, 'Полиэстер 85% хлопок 15%'),
(1130, 4, 4, 'Футболка', 1711, 'текстиль 100%'),
(1131, 4, 6, 'Майка', 2234, 'натуральная кожа 100%'),
(1132, 4, 3, 'Кроссовки', 1876, 'текстиль 100%'),
(1133, 1, 5, 'Тапочки', 3723, 'текстиль 100%'),
(1134, 3, 6, 'Топ', 9892, 'натуральная кожа 100%'),
(1135, 1, 2, 'Футболка', 6678, 'натуральная кожа 100%'),
(1136, 3, 5, 'Тапочки', 2078, 'хлопок 100%'),
(1137, 1, 3, 'Кроссовки', 3751, 'хлопок 100%'),
(1138, 2, 5, 'Футболка', 1041, 'натуральная кожа 100%'),
(1139, 1, 1, 'Тапочки', 6944, 'хлопок 100%'),
(1140, 4, 4, 'Футболка', 8894, 'Полиэстер 85% хлопок 15%'),
(1141, 3, 4, 'Майка', 7908, 'текстиль 100%'),
(1142, 1, 1, 'Футболка', 2891, 'текстиль 100%'),
(1143, 1, 5, 'Топ', 3622, 'хлопок 100%'),
(1144, 3, 3, 'Топ', 868, 'натуральная кожа 100%'),
(1145, 1, 1, 'Кроссовки', 1486, 'Полиэстер 85% хлопок 15%'),
(1146, 4, 2, 'Футболка', 8119, 'Полиэстер 85% хлопок 15%'),
(1147, 3, 2, 'Кроссовки', 6327, 'хлопок 100%'),
(1148, 4, 6, 'Футболка', 3169, 'Полиэстер 85% хлопок 15%'),
(1149, 3, 1, 'Майка', 3101, 'текстиль 100%'),
(1150, 2, 4, 'Футболка', 1900, 'Полиэстер 85% хлопок 15%'),
(1151, 2, 6, 'Майка', 7966, 'натуральная кожа 100%'),
(1152, 2, 3, 'Топ', 2515, 'Полиэстер 85% хлопок 15%'),
(1153, 3, 2, 'Футболка', 5109, 'хлопок 100%'),
(1154, 1, 5, 'Тапочки', 3393, 'хлопок 100%'),
(1155, 4, 2, 'Топ', 4066, 'текстиль 100%'),
(1156, 4, 4, 'Топ', 2876, 'текстиль 100%'),
(1157, 1, 3, 'Кроссовки', 9500, 'натуральная кожа 100%'),
(1158, 2, 2, 'Майка', 6169, 'хлопок 100%'),
(1159, 4, 2, 'Майка', 2061, 'Полиэстер 85% хлопок 15%'),
(1160, 4, 5, 'Топ', 1865, 'текстиль 100%'),
(1161, 2, 6, 'Тапочки', 6610, 'Полиэстер 85% хлопок 15%'),
(1162, 4, 5, 'Топ', 5906, 'натуральная кожа 100%'),
(1163, 3, 5, 'Тапочки', 6678, 'текстиль 100%'),
(1164, 4, 2, 'Тапочки', 4455, 'хлопок 100%'),
(1165, 3, 5, 'Кроссовки', 2807, 'Полиэстер 85% хлопок 15%'),
(1166, 2, 4, 'Кроссовки', 8196, 'хлопок 100%'),
(1167, 1, 1, 'Тапочки', 9224, 'Полиэстер 85% хлопок 15%'),
(1168, 3, 6, 'Топ', 1209, 'Полиэстер 85% хлопок 15%'),
(1169, 4, 5, 'Футболка', 8272, 'хлопок 100%'),
(1170, 2, 4, 'Футболка', 9558, 'текстиль 100%'),
(1171, 3, 4, 'Тапочки', 7247, 'текстиль 100%'),
(1172, 3, 6, 'Топ', 1168, 'хлопок 100%'),
(1173, 1, 5, 'Тапочки', 7786, 'натуральная кожа 100%'),
(1174, 2, 3, 'Тапочки', 3330, 'хлопок 100%'),
(1175, 1, 2, 'Кроссовки', 7341, 'хлопок 100%'),
(1176, 2, 4, 'Майка', 7914, 'хлопок 100%'),
(1177, 1, 5, 'Футболка', 555, 'Полиэстер 85% хлопок 15%'),
(1178, 4, 6, 'Майка', 7623, 'натуральная кожа 100%'),
(1179, 2, 6, 'Кроссовки', 4113, 'натуральная кожа 100%'),
(1180, 3, 1, 'Топ', 5322, 'натуральная кожа 100%'),
(1181, 1, 3, 'Футболка', 5540, 'Полиэстер 85% хлопок 15%'),
(1182, 4, 4, 'Кроссовки', 4989, 'натуральная кожа 100%'),
(1183, 4, 4, 'Кроссовки', 4832, 'натуральная кожа 100%'),
(1184, 2, 5, 'Футболка', 1280, 'Полиэстер 85% хлопок 15%'),
(1185, 2, 4, 'Футболка', 5685, 'Полиэстер 85% хлопок 15%'),
(1186, 1, 4, 'Кроссовки', 1164, 'текстиль 100%'),
(1187, 1, 4, 'Майка', 6658, 'текстиль 100%'),
(1188, 2, 2, 'Тапочки', 3254, 'Полиэстер 85% хлопок 15%'),
(1189, 2, 1, 'Футболка', 7478, 'натуральная кожа 100%'),
(1190, 3, 6, 'Топ', 3686, 'Полиэстер 85% хлопок 15%'),
(1191, 1, 5, 'Кроссовки', 2042, 'хлопок 100%'),
(1192, 2, 3, 'Топ', 6491, 'натуральная кожа 100%'),
(1193, 2, 1, 'Тапочки', 8636, 'текстиль 100%'),
(1194, 3, 6, 'Майка', 997, 'Полиэстер 85% хлопок 15%'),
(1195, 2, 6, 'Кроссовки', 3804, 'хлопок 100%'),
(1196, 2, 4, 'Майка', 8016, 'хлопок 100%'),
(1197, 4, 6, 'Топ', 5740, 'хлопок 100%'),
(1198, 2, 6, 'Кроссовки', 7748, 'хлопок 100%'),
(1199, 1, 6, 'Топ', 7107, 'текстиль 100%'),
(1200, 2, 1, 'Майка', 4347, 'Полиэстер 85% хлопок 15%'),
(1201, 4, 2, 'Тапочки', 9395, 'текстиль 100%'),
(1202, 2, 1, 'Топ', 4532, 'текстиль 100%'),
(1203, 4, 6, 'Топ', 1028, 'текстиль 100%'),
(1204, 3, 2, 'Майка', 6392, 'хлопок 100%'),
(1205, 3, 6, 'Майка', 8140, 'текстиль 100%'),
(1206, 4, 1, 'Топ', 3894, 'Полиэстер 85% хлопок 15%'),
(1207, 4, 1, 'Топ', 8318, 'текстиль 100%'),
(1208, 1, 6, 'Майка', 693, 'текстиль 100%'),
(1209, 1, 5, 'Топ', 8874, 'текстиль 100%'),
(1210, 2, 3, 'Тапочки', 7671, 'натуральная кожа 100%'),
(1211, 3, 6, 'Кроссовки', 6749, 'текстиль 100%'),
(1212, 1, 6, 'Топ', 895, 'натуральная кожа 100%'),
(1213, 1, 5, 'Майка', 1721, 'Полиэстер 85% хлопок 15%'),
(1214, 3, 3, 'Кроссовки', 5803, 'натуральная кожа 100%'),
(1215, 3, 4, 'Кроссовки', 583, 'натуральная кожа 100%'),
(1216, 4, 6, 'Футболка', 2020, 'натуральная кожа 100%'),
(1217, 3, 5, 'Майка', 6936, 'хлопок 100%'),
(1218, 4, 1, 'Тапочки', 8952, 'текстиль 100%'),
(1219, 4, 2, 'Кроссовки', 6643, 'натуральная кожа 100%'),
(1220, 2, 2, 'Футболка', 2771, 'текстиль 100%'),
(1221, 1, 3, 'Топ', 9439, 'текстиль 100%'),
(1222, 3, 3, 'Майка', 7946, 'хлопок 100%'),
(1223, 4, 1, 'Топ', 9736, 'текстиль 100%'),
(1224, 4, 1, 'Тапочки', 2506, 'Полиэстер 85% хлопок 15%'),
(1225, 2, 1, 'Тапочки', 1537, 'Полиэстер 85% хлопок 15%'),
(1226, 4, 6, 'Топ', 6114, 'Полиэстер 85% хлопок 15%'),
(1227, 2, 5, 'Топ', 8937, 'Полиэстер 85% хлопок 15%'),
(1228, 4, 4, 'Тапочки', 2296, 'Полиэстер 85% хлопок 15%'),
(1229, 1, 5, 'Футболка', 8504, 'хлопок 100%'),
(1230, 1, 2, 'Футболка', 1384, 'хлопок 100%'),
(1231, 2, 1, 'Топ', 3228, 'натуральная кожа 100%'),
(1232, 3, 5, 'Кроссовки', 8252, 'хлопок 100%'),
(1233, 3, 2, 'Футболка', 8213, 'хлопок 100%'),
(1234, 4, 5, 'Топ', 2598, 'хлопок 100%'),
(1235, 4, 4, 'Футболка', 3899, 'Полиэстер 85% хлопок 15%'),
(1236, 2, 2, 'Кроссовки', 3942, 'Полиэстер 85% хлопок 15%'),
(1237, 1, 6, 'Кроссовки', 2209, 'хлопок 100%'),
(1238, 1, 3, 'Кроссовки', 4941, 'натуральная кожа 100%'),
(1239, 4, 4, 'Кроссовки', 6283, 'хлопок 100%'),
(1240, 4, 6, 'Футболка', 1039, 'натуральная кожа 100%'),
(1241, 1, 2, 'Кроссовки', 9321, 'текстиль 100%'),
(1242, 1, 4, 'Футболка', 5174, 'натуральная кожа 100%'),
(1243, 1, 5, 'Тапочки', 7942, 'текстиль 100%'),
(1244, 2, 4, 'Топ', 7217, 'хлопок 100%'),
(1245, 1, 4, 'Футболка', 9592, 'натуральная кожа 100%'),
(1246, 3, 1, 'Топ', 5404, 'текстиль 100%'),
(1247, 2, 1, 'Футболка', 1605, 'хлопок 100%'),
(1248, 4, 1, 'Футболка', 2859, 'хлопок 100%'),
(1249, 1, 1, 'Футболка', 3834, 'хлопок 100%'),
(1250, 3, 6, 'Майка', 3338, 'хлопок 100%'),
(1251, 4, 4, 'Футболка', 1252, 'текстиль 100%'),
(1252, 4, 6, 'Кроссовки', 8473, 'натуральная кожа 100%'),
(1253, 3, 1, 'Тапочки', 4951, 'текстиль 100%'),
(1254, 4, 5, 'Топ', 9145, 'текстиль 100%'),
(1255, 4, 4, 'Топ', 3348, 'хлопок 100%'),
(1256, 3, 6, 'Топ', 7931, 'натуральная кожа 100%'),
(1257, 3, 5, 'Майка', 6513, 'натуральная кожа 100%'),
(1258, 1, 5, 'Тапочки', 1036, 'Полиэстер 85% хлопок 15%'),
(1259, 2, 2, 'Майка', 7323, 'текстиль 100%'),
(1260, 2, 5, 'Топ', 7543, 'натуральная кожа 100%'),
(1261, 4, 4, 'Тапочки', 5311, 'текстиль 100%'),
(1262, 4, 5, 'Кроссовки', 1392, 'Полиэстер 85% хлопок 15%'),
(1263, 4, 4, 'Майка', 5595, 'Полиэстер 85% хлопок 15%'),
(1264, 2, 4, 'Футболка', 3317, 'Полиэстер 85% хлопок 15%'),
(1265, 2, 3, 'Майка', 3679, 'хлопок 100%'),
(1266, 2, 3, 'Кроссовки', 5685, 'Полиэстер 85% хлопок 15%'),
(1267, 4, 4, 'Топ', 2672, 'Полиэстер 85% хлопок 15%'),
(1268, 1, 5, 'Кроссовки', 3773, 'Полиэстер 85% хлопок 15%'),
(1269, 3, 1, 'Майка', 5466, 'Полиэстер 85% хлопок 15%'),
(1270, 1, 6, 'Топ', 1553, 'хлопок 100%'),
(1271, 2, 5, 'Кроссовки', 4926, 'натуральная кожа 100%'),
(1272, 1, 2, 'Футболка', 6140, 'текстиль 100%'),
(1273, 3, 2, 'Кроссовки', 8839, 'текстиль 100%'),
(1274, 1, 1, 'Футболка', 4115, 'натуральная кожа 100%'),
(1275, 1, 3, 'Кроссовки', 2226, 'хлопок 100%'),
(1276, 4, 6, 'Топ', 6398, 'текстиль 100%'),
(1277, 1, 3, 'Футболка', 2432, 'хлопок 100%'),
(1278, 3, 4, 'Майка', 5665, 'Полиэстер 85% хлопок 15%'),
(1279, 2, 2, 'Футболка', 9045, 'хлопок 100%'),
(1280, 1, 6, 'Топ', 6675, 'текстиль 100%'),
(1281, 4, 4, 'Футболка', 1642, 'текстиль 100%'),
(1282, 3, 6, 'Майка', 3846, 'натуральная кожа 100%'),
(1283, 4, 5, 'Кроссовки', 4918, 'натуральная кожа 100%'),
(1284, 4, 2, 'Кроссовки', 1428, 'Полиэстер 85% хлопок 15%'),
(1285, 2, 6, 'Топ', 9295, 'хлопок 100%'),
(1286, 3, 3, 'Майка', 1921, 'хлопок 100%'),
(1287, 4, 2, 'Футболка', 9843, 'Полиэстер 85% хлопок 15%'),
(1288, 1, 2, 'Футболка', 5172, 'натуральная кожа 100%'),
(1289, 4, 2, 'Кроссовки', 8237, 'Полиэстер 85% хлопок 15%'),
(1290, 3, 6, 'Кроссовки', 2016, 'хлопок 100%'),
(1291, 1, 6, 'Футболка', 5295, 'хлопок 100%'),
(1292, 3, 2, 'Майка', 6269, 'Полиэстер 85% хлопок 15%'),
(1293, 1, 1, 'Футболка', 9494, 'натуральная кожа 100%'),
(1294, 4, 1, 'Тапочки', 5492, 'натуральная кожа 100%'),
(1295, 1, 3, 'Топ', 5385, 'натуральная кожа 100%'),
(1296, 1, 4, 'Майка', 2475, 'Полиэстер 85% хлопок 15%'),
(1297, 4, 1, 'Футболка', 3955, 'натуральная кожа 100%'),
(1298, 1, 5, 'Тапочки', 4923, 'хлопок 100%'),
(1299, 2, 6, 'Кроссовки', 4064, 'натуральная кожа 100%'),
(1300, 3, 6, 'Футболка', 2674, 'текстиль 100%'),
(1301, 2, 4, 'Тапочки', 4379, 'хлопок 100%'),
(1302, 2, 1, 'Майка', 3187, 'натуральная кожа 100%'),
(1303, 2, 1, 'Тапочки', 9105, 'хлопок 100%'),
(1304, 1, 3, 'Майка', 7557, 'текстиль 100%'),
(1305, 4, 4, 'Кроссовки', 1447, 'натуральная кожа 100%'),
(1306, 2, 3, 'Майка', 776, 'натуральная кожа 100%'),
(1307, 4, 4, 'Тапочки', 2251, 'хлопок 100%'),
(1308, 1, 4, 'Топ', 5620, 'натуральная кожа 100%'),
(1309, 4, 1, 'Кроссовки', 7837, 'текстиль 100%'),
(1310, 3, 3, 'Тапочки', 2984, 'текстиль 100%'),
(1311, 2, 4, 'Топ', 7179, 'текстиль 100%'),
(1312, 4, 1, 'Кроссовки', 7371, 'Полиэстер 85% хлопок 15%'),
(1313, 1, 3, 'Кроссовки', 3591, 'Полиэстер 85% хлопок 15%'),
(1314, 4, 6, 'Топ', 6169, 'текстиль 100%'),
(1315, 1, 3, 'Футболка', 5482, 'хлопок 100%'),
(1316, 2, 5, 'Кроссовки', 3244, 'хлопок 100%'),
(1317, 4, 5, 'Футболка', 4045, 'натуральная кожа 100%'),
(1318, 2, 6, 'Топ', 2521, 'натуральная кожа 100%'),
(1319, 3, 4, 'Футболка', 7699, 'Полиэстер 85% хлопок 15%'),
(1320, 1, 6, 'Майка', 8772, 'натуральная кожа 100%'),
(1321, 4, 4, 'Майка', 2170, 'натуральная кожа 100%'),
(1322, 1, 5, 'Футболка', 3994, 'хлопок 100%'),
(1323, 3, 6, 'Топ', 6626, 'хлопок 100%'),
(1324, 4, 1, 'Тапочки', 5976, 'текстиль 100%'),
(1325, 4, 5, 'Майка', 9085, 'хлопок 100%'),
(1326, 1, 2, 'Футболка', 678, 'натуральная кожа 100%'),
(1327, 4, 6, 'Топ', 3595, 'натуральная кожа 100%'),
(1328, 3, 5, 'Майка', 2143, 'натуральная кожа 100%'),
(1329, 4, 3, 'Футболка', 7147, 'натуральная кожа 100%'),
(1330, 2, 5, 'Майка', 5174, 'текстиль 100%'),
(1331, 4, 5, 'Тапочки', 5779, 'натуральная кожа 100%'),
(1332, 4, 3, 'Тапочки', 2745, 'натуральная кожа 100%'),
(1333, 3, 5, 'Майка', 3122, 'текстиль 100%'),
(1334, 4, 2, 'Футболка', 1482, 'Полиэстер 85% хлопок 15%'),
(1335, 1, 1, 'Майка', 8769, 'хлопок 100%'),
(1336, 2, 5, 'Кроссовки', 6183, 'натуральная кожа 100%'),
(1337, 4, 2, 'Кроссовки', 8971, 'натуральная кожа 100%'),
(1338, 3, 2, 'Майка', 5467, 'Полиэстер 85% хлопок 15%'),
(1339, 1, 1, 'Майка', 9786, 'Полиэстер 85% хлопок 15%'),
(1340, 1, 6, 'Майка', 2772, 'текстиль 100%'),
(1341, 4, 5, 'Тапочки', 9769, 'текстиль 100%'),
(1342, 4, 4, 'Кроссовки', 1255, 'текстиль 100%'),
(1343, 4, 2, 'Футболка', 2394, 'натуральная кожа 100%'),
(1344, 4, 5, 'Тапочки', 8081, 'текстиль 100%'),
(1345, 3, 3, 'Футболка', 8834, 'натуральная кожа 100%'),
(1346, 4, 1, 'Топ', 4608, 'натуральная кожа 100%'),
(1347, 4, 4, 'Топ', 2364, 'хлопок 100%'),
(1348, 1, 1, 'Майка', 2293, 'хлопок 100%'),
(1349, 3, 2, 'Майка', 9118, 'текстиль 100%'),
(1350, 2, 3, 'Майка', 669, 'текстиль 100%'),
(1351, 3, 1, 'Футболка', 7312, 'текстиль 100%'),
(1352, 4, 1, 'Майка', 9054, 'натуральная кожа 100%'),
(1353, 1, 6, 'Топ', 7091, 'хлопок 100%'),
(1354, 4, 1, 'Кроссовки', 500, 'Полиэстер 85% хлопок 15%'),
(1355, 2, 5, 'Футболка', 5011, 'текстиль 100%'),
(1356, 3, 5, 'Кроссовки', 4461, 'хлопок 100%'),
(1357, 1, 6, 'Кроссовки', 6423, 'Полиэстер 85% хлопок 15%'),
(1358, 4, 4, 'Майка', 8745, 'натуральная кожа 100%'),
(1359, 1, 1, 'Тапочки', 714, 'натуральная кожа 100%'),
(1360, 1, 5, 'Кроссовки', 5058, 'натуральная кожа 100%'),
(1361, 3, 6, 'Тапочки', 4638, 'текстиль 100%'),
(1362, 1, 1, 'Кроссовки', 6738, 'натуральная кожа 100%'),
(1363, 4, 2, 'Тапочки', 2030, 'текстиль 100%'),
(1364, 4, 6, 'Топ', 4672, 'текстиль 100%'),
(1365, 2, 6, 'Майка', 9522, 'хлопок 100%'),
(1366, 2, 5, 'Тапочки', 1993, 'текстиль 100%'),
(1367, 1, 1, 'Топ', 6068, 'Полиэстер 85% хлопок 15%'),
(1368, 2, 6, 'Топ', 8200, 'Полиэстер 85% хлопок 15%'),
(1369, 4, 5, 'Топ', 7895, 'натуральная кожа 100%'),
(1370, 3, 1, 'Тапочки', 8602, 'Полиэстер 85% хлопок 15%'),
(1371, 2, 5, 'Футболка', 637, 'хлопок 100%'),
(1372, 1, 4, 'Тапочки', 5849, 'натуральная кожа 100%'),
(1373, 1, 3, 'Кроссовки', 7132, 'натуральная кожа 100%'),
(1374, 4, 4, 'Майка', 9632, 'натуральная кожа 100%'),
(1375, 3, 1, 'Топ', 7045, 'текстиль 100%'),
(1376, 2, 1, 'Майка', 8789, 'хлопок 100%'),
(1377, 3, 4, 'Футболка', 9898, 'натуральная кожа 100%'),
(1378, 3, 3, 'Кроссовки', 9236, 'натуральная кожа 100%'),
(1379, 2, 3, 'Кроссовки', 3825, 'хлопок 100%'),
(1380, 3, 6, 'Майка', 1614, 'натуральная кожа 100%'),
(1381, 1, 4, 'Тапочки', 2934, 'Полиэстер 85% хлопок 15%'),
(1382, 3, 6, 'Майка', 7317, 'натуральная кожа 100%'),
(1383, 2, 1, 'Майка', 7359, 'хлопок 100%'),
(1384, 1, 1, 'Топ', 2183, 'текстиль 100%'),
(1385, 1, 2, 'Футболка', 9785, 'текстиль 100%'),
(1386, 4, 1, 'Кроссовки', 6180, 'хлопок 100%'),
(1387, 2, 4, 'Майка', 9073, 'Полиэстер 85% хлопок 15%'),
(1388, 1, 5, 'Топ', 7404, 'натуральная кожа 100%'),
(1389, 3, 5, 'Футболка', 8836, 'хлопок 100%'),
(1390, 3, 6, 'Тапочки', 3825, 'натуральная кожа 100%'),
(1391, 2, 6, 'Майка', 6073, 'Полиэстер 85% хлопок 15%'),
(1392, 1, 3, 'Майка', 7402, 'хлопок 100%'),
(1393, 4, 5, 'Тапочки', 7832, 'хлопок 100%'),
(1394, 4, 5, 'Тапочки', 2878, 'натуральная кожа 100%'),
(1395, 2, 6, 'Майка', 6993, 'натуральная кожа 100%'),
(1396, 2, 5, 'Тапочки', 5482, 'Полиэстер 85% хлопок 15%'),
(1397, 1, 4, 'Тапочки', 7703, 'натуральная кожа 100%'),
(1398, 1, 5, 'Тапочки', 5373, 'текстиль 100%'),
(1399, 2, 6, 'Майка', 1287, 'хлопок 100%'),
(1400, 2, 5, 'Майка', 7264, 'натуральная кожа 100%'),
(1401, 3, 1, 'Тапочки', 3758, 'текстиль 100%'),
(1402, 4, 1, 'Тапочки', 3504, 'хлопок 100%'),
(1403, 4, 2, 'Топ', 6201, 'натуральная кожа 100%'),
(1404, 1, 2, 'Майка', 2994, 'Полиэстер 85% хлопок 15%'),
(1405, 2, 5, 'Топ', 3737, 'хлопок 100%'),
(1406, 3, 2, 'Кроссовки', 1279, 'хлопок 100%'),
(1407, 2, 6, 'Футболка', 3177, 'Полиэстер 85% хлопок 15%'),
(1408, 3, 2, 'Кроссовки', 9470, 'Полиэстер 85% хлопок 15%'),
(1409, 4, 1, 'Тапочки', 8188, 'Полиэстер 85% хлопок 15%'),
(1410, 4, 4, 'Топ', 6525, 'хлопок 100%'),
(1411, 2, 2, 'Кроссовки', 790, 'хлопок 100%'),
(1412, 1, 2, 'Футболка', 9004, 'Полиэстер 85% хлопок 15%'),
(1413, 2, 2, 'Тапочки', 6211, 'натуральная кожа 100%'),
(1414, 4, 5, 'Кроссовки', 8193, 'текстиль 100%'),
(1415, 2, 4, 'Кроссовки', 7497, 'текстиль 100%'),
(1416, 1, 1, 'Тапочки', 5640, 'натуральная кожа 100%'),
(1417, 1, 6, 'Топ', 1642, 'Полиэстер 85% хлопок 15%'),
(1418, 1, 6, 'Майка', 7461, 'текстиль 100%'),
(1419, 1, 4, 'Майка', 1068, 'текстиль 100%'),
(1420, 2, 2, 'Футболка', 719, 'натуральная кожа 100%'),
(1421, 2, 2, 'Топ', 1103, 'натуральная кожа 100%'),
(1422, 1, 6, 'Тапочки', 1005, 'хлопок 100%'),
(1423, 3, 5, 'Футболка', 8545, 'Полиэстер 85% хлопок 15%'),
(1424, 3, 4, 'Майка', 7672, 'Полиэстер 85% хлопок 15%'),
(1425, 1, 1, 'Футболка', 8207, 'хлопок 100%'),
(1426, 2, 4, 'Майка', 6869, 'хлопок 100%'),
(1427, 3, 4, 'Майка', 4758, 'текстиль 100%'),
(1428, 4, 4, 'Тапочки', 7094, 'натуральная кожа 100%'),
(1429, 4, 3, 'Тапочки', 6072, 'натуральная кожа 100%'),
(1430, 3, 4, 'Тапочки', 8814, 'натуральная кожа 100%'),
(1431, 3, 6, 'Кроссовки', 9512, 'хлопок 100%'),
(1432, 1, 5, 'Топ', 1732, 'текстиль 100%'),
(1433, 2, 4, 'Футболка', 5149, 'текстиль 100%'),
(1434, 4, 1, 'Тапочки', 6385, 'Полиэстер 85% хлопок 15%'),
(1435, 1, 1, 'Тапочки', 2995, 'хлопок 100%'),
(1436, 2, 2, 'Топ', 6990, 'натуральная кожа 100%'),
(1437, 4, 4, 'Кроссовки', 4360, 'Полиэстер 85% хлопок 15%'),
(1438, 2, 5, 'Тапочки', 7859, 'текстиль 100%'),
(1439, 1, 6, 'Футболка', 5407, 'хлопок 100%'),
(1440, 2, 4, 'Кроссовки', 812, 'Полиэстер 85% хлопок 15%'),
(1441, 3, 2, 'Кроссовки', 4782, 'Полиэстер 85% хлопок 15%'),
(1442, 2, 6, 'Футболка', 1519, 'Полиэстер 85% хлопок 15%'),
(1443, 1, 3, 'Топ', 3625, 'Полиэстер 85% хлопок 15%'),
(1444, 3, 5, 'Тапочки', 7868, 'Полиэстер 85% хлопок 15%'),
(1445, 3, 5, 'Кроссовки', 951, 'текстиль 100%'),
(1446, 4, 1, 'Футболка', 8135, 'Полиэстер 85% хлопок 15%'),
(1447, 3, 3, 'Кроссовки', 7881, 'Полиэстер 85% хлопок 15%'),
(1448, 3, 5, 'Майка', 6964, 'текстиль 100%'),
(1449, 2, 5, 'Кроссовки', 1742, 'Полиэстер 85% хлопок 15%'),
(1450, 3, 2, 'Тапочки', 6107, 'текстиль 100%'),
(1451, 2, 4, 'Майка', 9271, 'хлопок 100%'),
(1452, 1, 3, 'Кроссовки', 2435, 'Полиэстер 85% хлопок 15%'),
(1453, 3, 5, 'Футболка', 1154, 'натуральная кожа 100%'),
(1454, 2, 1, 'Топ', 4090, 'Полиэстер 85% хлопок 15%'),
(1455, 4, 6, 'Кроссовки', 704, 'текстиль 100%'),
(1456, 3, 1, 'Кроссовки', 8956, 'Полиэстер 85% хлопок 15%'),
(1457, 1, 5, 'Футболка', 5978, 'хлопок 100%'),
(1458, 4, 4, 'Майка', 1422, 'натуральная кожа 100%'),
(1459, 2, 4, 'Кроссовки', 9555, 'текстиль 100%'),
(1460, 2, 6, 'Топ', 7039, 'хлопок 100%'),
(1461, 3, 6, 'Топ', 9079, 'текстиль 100%'),
(1462, 4, 3, 'Кроссовки', 6782, 'текстиль 100%'),
(1463, 2, 4, 'Тапочки', 7627, 'хлопок 100%'),
(1464, 4, 4, 'Майка', 4222, 'текстиль 100%'),
(1465, 2, 6, 'Футболка', 519, 'натуральная кожа 100%'),
(1466, 3, 6, 'Майка', 7347, 'текстиль 100%'),
(1467, 2, 6, 'Топ', 7045, 'натуральная кожа 100%'),
(1468, 3, 2, 'Тапочки', 2289, 'хлопок 100%'),
(1469, 1, 2, 'Майка', 7433, 'хлопок 100%'),
(1470, 4, 2, 'Тапочки', 8474, 'хлопок 100%'),
(1471, 2, 3, 'Кроссовки', 9951, 'натуральная кожа 100%'),
(1472, 4, 5, 'Тапочки', 2227, 'хлопок 100%'),
(1473, 1, 3, 'Тапочки', 2419, 'натуральная кожа 100%'),
(1474, 2, 1, 'Футболка', 573, 'натуральная кожа 100%'),
(1475, 4, 4, 'Кроссовки', 9666, 'хлопок 100%'),
(1476, 3, 2, 'Топ', 4143, 'хлопок 100%'),
(1477, 4, 3, 'Футболка', 7503, 'Полиэстер 85% хлопок 15%'),
(1478, 4, 1, 'Майка', 7874, 'Полиэстер 85% хлопок 15%'),
(1479, 2, 6, 'Кроссовки', 8855, 'Полиэстер 85% хлопок 15%'),
(1480, 1, 3, 'Кроссовки', 555, 'текстиль 100%'),
(1481, 3, 2, 'Топ', 4007, 'хлопок 100%'),
(1482, 2, 6, 'Тапочки', 8923, 'натуральная кожа 100%'),
(1483, 1, 6, 'Топ', 4853, 'натуральная кожа 100%'),
(1484, 3, 5, 'Кроссовки', 4585, 'хлопок 100%'),
(1485, 1, 5, 'Майка', 3905, 'текстиль 100%'),
(1486, 1, 6, 'Тапочки', 1408, 'текстиль 100%'),
(1487, 1, 2, 'Майка', 4073, 'Полиэстер 85% хлопок 15%'),
(1488, 1, 5, 'Кроссовки', 3311, 'текстиль 100%'),
(1489, 2, 3, 'Кроссовки', 3215, 'Полиэстер 85% хлопок 15%'),
(1490, 3, 3, 'Кроссовки', 3562, 'хлопок 100%'),
(1491, 4, 6, 'Топ', 2616, 'хлопок 100%'),
(1492, 4, 5, 'Кроссовки', 7732, 'натуральная кожа 100%'),
(1493, 4, 6, 'Топ', 6323, 'текстиль 100%'),
(1494, 1, 5, 'Майка', 6320, 'Полиэстер 85% хлопок 15%'),
(1495, 1, 4, 'Кроссовки', 4944, 'натуральная кожа 100%'),
(1496, 2, 6, 'Кроссовки', 8608, 'Полиэстер 85% хлопок 15%'),
(1497, 2, 6, 'Футболка', 8027, 'натуральная кожа 100%'),
(1498, 4, 6, 'Футболка', 2186, 'хлопок 100%'),
(1499, 4, 4, 'Футболка', 1728, 'натуральная кожа 100%'),
(1500, 2, 2, 'Тапочки', 6735, 'текстиль 100%'),
(1501, 1, 6, 'Тапочки', 6359, 'Полиэстер 85% хлопок 15%'),
(1502, 2, 3, 'Тапочки', 2523, 'хлопок 100%'),
(1503, 1, 1, 'Футболка', 4026, 'Полиэстер 85% хлопок 15%'),
(1504, 2, 4, 'Майка', 3644, 'натуральная кожа 100%'),
(1505, 4, 6, 'Топ', 4093, 'Полиэстер 85% хлопок 15%'),
(1506, 3, 1, 'Майка', 1276, 'текстиль 100%'),
(1507, 2, 6, 'Футболка', 8306, 'хлопок 100%'),
(1508, 3, 3, 'Футболка', 3535, 'хлопок 100%'),
(1509, 1, 5, 'Майка', 8519, 'хлопок 100%'),
(1510, 4, 2, 'Тапочки', 6529, 'натуральная кожа 100%'),
(1511, 4, 5, 'Майка', 4740, 'хлопок 100%'),
(1512, 3, 6, 'Футболка', 4444, 'хлопок 100%'),
(1513, 4, 4, 'Футболка', 8536, 'натуральная кожа 100%'),
(1514, 1, 5, 'Топ', 757, 'Полиэстер 85% хлопок 15%'),
(1515, 1, 6, 'Футболка', 1255, 'натуральная кожа 100%'),
(1516, 1, 2, 'Футболка', 530, 'текстиль 100%'),
(1517, 2, 4, 'Майка', 4244, 'натуральная кожа 100%'),
(1518, 2, 4, 'Футболка', 3925, 'текстиль 100%'),
(1519, 1, 6, 'Топ', 3862, 'текстиль 100%'),
(1520, 2, 4, 'Майка', 2461, 'Полиэстер 85% хлопок 15%'),
(1521, 2, 6, 'Тапочки', 3924, 'хлопок 100%'),
(1522, 3, 4, 'Кроссовки', 3826, 'хлопок 100%'),
(1523, 4, 1, 'Тапочки', 5583, 'хлопок 100%'),
(1524, 2, 1, 'Майка', 7529, 'текстиль 100%'),
(1525, 2, 2, 'Топ', 1128, 'натуральная кожа 100%'),
(1526, 2, 4, 'Топ', 1943, 'хлопок 100%'),
(1527, 4, 4, 'Футболка', 7492, 'хлопок 100%'),
(1528, 4, 6, 'Тапочки', 4688, 'Полиэстер 85% хлопок 15%'),
(1529, 1, 2, 'Кроссовки', 3788, 'натуральная кожа 100%'),
(1530, 3, 6, 'Тапочки', 3450, 'Полиэстер 85% хлопок 15%'),
(1531, 3, 6, 'Футболка', 6914, 'Полиэстер 85% хлопок 15%'),
(1532, 2, 1, 'Тапочки', 3343, 'текстиль 100%'),
(1533, 1, 1, 'Футболка', 6511, 'натуральная кожа 100%'),
(1534, 4, 1, 'Тапочки', 9335, 'текстиль 100%'),
(1535, 2, 1, 'Тапочки', 8308, 'Полиэстер 85% хлопок 15%'),
(1536, 4, 3, 'Майка', 4221, 'хлопок 100%'),
(1537, 1, 3, 'Кроссовки', 9322, 'Полиэстер 85% хлопок 15%'),
(1538, 4, 1, 'Топ', 4513, 'текстиль 100%'),
(1539, 1, 2, 'Тапочки', 6849, 'натуральная кожа 100%'),
(1540, 3, 6, 'Тапочки', 7282, 'хлопок 100%'),
(1541, 3, 1, 'Тапочки', 1474, 'текстиль 100%'),
(1542, 1, 6, 'Топ', 7724, 'текстиль 100%'),
(1543, 1, 4, 'Кроссовки', 4492, 'текстиль 100%'),
(1544, 4, 2, 'Футболка', 7558, 'натуральная кожа 100%'),
(1545, 3, 5, 'Топ', 7209, 'Полиэстер 85% хлопок 15%'),
(1546, 1, 4, 'Кроссовки', 8022, 'Полиэстер 85% хлопок 15%'),
(1547, 4, 6, 'Майка', 2720, 'натуральная кожа 100%'),
(1548, 4, 2, 'Тапочки', 8017, 'текстиль 100%'),
(1549, 3, 6, 'Кроссовки', 9604, 'натуральная кожа 100%'),
(1550, 2, 4, 'Топ', 3073, 'натуральная кожа 100%'),
(1551, 3, 2, 'Майка', 5445, 'натуральная кожа 100%'),
(1552, 4, 2, 'Тапочки', 787, 'Полиэстер 85% хлопок 15%'),
(1553, 2, 4, 'Кроссовки', 2049, 'натуральная кожа 100%'),
(1554, 2, 2, 'Кроссовки', 5967, 'натуральная кожа 100%'),
(1555, 1, 4, 'Майка', 3424, 'Полиэстер 85% хлопок 15%'),
(1556, 1, 2, 'Майка', 639, 'Полиэстер 85% хлопок 15%'),
(1557, 2, 6, 'Топ', 8029, 'текстиль 100%'),
(1558, 1, 5, 'Кроссовки', 7047, 'натуральная кожа 100%'),
(1559, 4, 3, 'Майка', 5163, 'натуральная кожа 100%'),
(1560, 4, 3, 'Тапочки', 4225, 'Полиэстер 85% хлопок 15%'),
(1561, 3, 6, 'Майка', 5108, 'хлопок 100%'),
(1562, 4, 5, 'Футболка', 6356, 'Полиэстер 85% хлопок 15%'),
(1563, 1, 1, 'Майка', 2363, 'Полиэстер 85% хлопок 15%'),
(1564, 2, 4, 'Футболка', 1473, 'натуральная кожа 100%'),
(1565, 1, 4, 'Топ', 2062, 'натуральная кожа 100%'),
(1566, 4, 6, 'Майка', 1346, 'Полиэстер 85% хлопок 15%'),
(1567, 2, 6, 'Кроссовки', 3546, 'текстиль 100%'),
(1568, 4, 3, 'Тапочки', 2553, 'хлопок 100%'),
(1569, 2, 5, 'Топ', 9892, 'текстиль 100%'),
(1570, 1, 2, 'Кроссовки', 8711, 'текстиль 100%'),
(1571, 1, 4, 'Кроссовки', 695, 'текстиль 100%'),
(1572, 1, 2, 'Майка', 7874, 'хлопок 100%'),
(1573, 1, 4, 'Кроссовки', 4134, 'натуральная кожа 100%'),
(1574, 1, 4, 'Футболка', 7903, 'натуральная кожа 100%'),
(1575, 3, 2, 'Топ', 5909, 'натуральная кожа 100%'),
(1576, 4, 3, 'Кроссовки', 7289, 'текстиль 100%'),
(1577, 4, 3, 'Кроссовки', 6036, 'хлопок 100%'),
(1578, 3, 4, 'Тапочки', 1762, 'текстиль 100%'),
(1579, 2, 2, 'Кроссовки', 6174, 'натуральная кожа 100%'),
(1580, 3, 1, 'Футболка', 4802, 'натуральная кожа 100%'),
(1581, 1, 4, 'Майка', 3578, 'Полиэстер 85% хлопок 15%'),
(1582, 2, 5, 'Топ', 8374, 'хлопок 100%'),
(1583, 3, 1, 'Тапочки', 1473, 'текстиль 100%'),
(1584, 3, 5, 'Футболка', 4477, 'хлопок 100%'),
(1585, 3, 5, 'Майка', 7117, 'хлопок 100%'),
(1586, 3, 3, 'Тапочки', 523, 'хлопок 100%'),
(1587, 4, 2, 'Тапочки', 5593, 'текстиль 100%'),
(1588, 2, 6, 'Футболка', 8930, 'Полиэстер 85% хлопок 15%'),
(1589, 3, 5, 'Футболка', 7673, 'Полиэстер 85% хлопок 15%'),
(1590, 4, 2, 'Тапочки', 8576, 'хлопок 100%'),
(1591, 2, 6, 'Майка', 8571, 'хлопок 100%'),
(1592, 1, 2, 'Футболка', 5839, 'натуральная кожа 100%'),
(1593, 2, 4, 'Майка', 2292, 'натуральная кожа 100%'),
(1594, 2, 1, 'Майка', 9165, 'Полиэстер 85% хлопок 15%'),
(1595, 3, 5, 'Топ', 8797, 'хлопок 100%'),
(1596, 3, 5, 'Топ', 7353, 'хлопок 100%'),
(1597, 2, 5, 'Кроссовки', 3142, 'Полиэстер 85% хлопок 15%'),
(1598, 3, 3, 'Майка', 5817, 'Полиэстер 85% хлопок 15%'),
(1599, 2, 4, 'Кроссовки', 9951, 'натуральная кожа 100%'),
(1600, 1, 2, 'Тапочки', 4942, 'Полиэстер 85% хлопок 15%'),
(1601, 2, 3, 'Тапочки', 7208, 'хлопок 100%'),
(1602, 3, 5, 'Кроссовки', 6090, 'текстиль 100%'),
(1603, 3, 4, 'Футболка', 5034, 'натуральная кожа 100%'),
(1604, 3, 6, 'Футболка', 536, 'хлопок 100%'),
(1605, 2, 1, 'Майка', 809, 'хлопок 100%'),
(1606, 3, 1, 'Тапочки', 7970, 'хлопок 100%'),
(1607, 3, 4, 'Кроссовки', 3233, 'текстиль 100%'),
(1608, 2, 4, 'Майка', 1059, 'текстиль 100%'),
(1609, 3, 3, 'Топ', 8919, 'текстиль 100%'),
(1610, 4, 5, 'Тапочки', 1056, 'натуральная кожа 100%'),
(1611, 1, 5, 'Кроссовки', 3104, 'натуральная кожа 100%'),
(1612, 3, 5, 'Кроссовки', 5375, 'текстиль 100%'),
(1613, 3, 3, 'Топ', 7501, 'Полиэстер 85% хлопок 15%'),
(1614, 3, 2, 'Футболка', 5687, 'текстиль 100%'),
(1615, 1, 3, 'Топ', 6951, 'хлопок 100%'),
(1616, 4, 4, 'Майка', 2591, 'Полиэстер 85% хлопок 15%'),
(1617, 1, 4, 'Топ', 5924, 'Полиэстер 85% хлопок 15%'),
(1618, 4, 2, 'Тапочки', 6402, 'Полиэстер 85% хлопок 15%'),
(1619, 3, 5, 'Топ', 7255, 'натуральная кожа 100%'),
(1620, 4, 1, 'Топ', 8755, 'хлопок 100%'),
(1621, 2, 4, 'Кроссовки', 7412, 'текстиль 100%'),
(1622, 3, 5, 'Топ', 3881, 'хлопок 100%'),
(1623, 4, 5, 'Кроссовки', 947, 'текстиль 100%'),
(1624, 4, 3, 'Футболка', 767, 'Полиэстер 85% хлопок 15%'),
(1625, 2, 4, 'Тапочки', 9132, 'Полиэстер 85% хлопок 15%'),
(1626, 3, 4, 'Тапочки', 6814, 'хлопок 100%'),
(1627, 3, 4, 'Кроссовки', 9079, 'текстиль 100%'),
(1628, 4, 1, 'Майка', 6012, 'Полиэстер 85% хлопок 15%'),
(1629, 4, 1, 'Кроссовки', 3510, 'хлопок 100%'),
(1630, 2, 1, 'Майка', 1195, 'натуральная кожа 100%'),
(1631, 4, 3, 'Кроссовки', 7893, 'Полиэстер 85% хлопок 15%'),
(1632, 4, 6, 'Футболка', 8322, 'Полиэстер 85% хлопок 15%'),
(1633, 2, 1, 'Тапочки', 1686, 'хлопок 100%'),
(1634, 4, 2, 'Тапочки', 4867, 'Полиэстер 85% хлопок 15%'),
(1635, 2, 1, 'Футболка', 7253, 'Полиэстер 85% хлопок 15%'),
(1636, 1, 2, 'Тапочки', 3678, 'Полиэстер 85% хлопок 15%'),
(1637, 1, 5, 'Топ', 5652, 'натуральная кожа 100%'),
(1638, 2, 3, 'Топ', 3791, 'натуральная кожа 100%'),
(1639, 4, 4, 'Топ', 3471, 'хлопок 100%'),
(1640, 2, 6, 'Футболка', 2660, 'натуральная кожа 100%'),
(1641, 4, 4, 'Тапочки', 2918, 'Полиэстер 85% хлопок 15%'),
(1642, 4, 4, 'Кроссовки', 7866, 'Полиэстер 85% хлопок 15%'),
(1643, 4, 2, 'Кроссовки', 8010, 'натуральная кожа 100%'),
(1644, 3, 4, 'Майка', 6738, 'натуральная кожа 100%'),
(1645, 4, 1, 'Футболка', 8811, 'натуральная кожа 100%'),
(1646, 4, 1, 'Тапочки', 3884, 'Полиэстер 85% хлопок 15%'),
(1647, 4, 4, 'Майка', 3258, 'текстиль 100%'),
(1648, 1, 1, 'Тапочки', 5774, 'Полиэстер 85% хлопок 15%'),
(1649, 3, 2, 'Футболка', 3021, 'Полиэстер 85% хлопок 15%'),
(1650, 3, 6, 'Топ', 3549, 'Полиэстер 85% хлопок 15%'),
(1651, 4, 1, 'Футболка', 2388, 'натуральная кожа 100%'),
(1652, 2, 5, 'Топ', 746, 'натуральная кожа 100%'),
(1653, 3, 1, 'Кроссовки', 9060, 'натуральная кожа 100%'),
(1654, 4, 5, 'Тапочки', 6237, 'хлопок 100%'),
(1655, 1, 2, 'Топ', 1709, 'текстиль 100%'),
(1656, 2, 3, 'Кроссовки', 8810, 'натуральная кожа 100%'),
(1657, 2, 1, 'Футболка', 5661, 'хлопок 100%'),
(1658, 2, 1, 'Тапочки', 2300, 'Полиэстер 85% хлопок 15%'),
(1659, 1, 3, 'Майка', 3899, 'текстиль 100%'),
(1660, 2, 4, 'Тапочки', 3192, 'текстиль 100%'),
(1661, 1, 1, 'Кроссовки', 2012, 'натуральная кожа 100%'),
(1662, 3, 4, 'Майка', 8943, 'хлопок 100%'),
(1663, 3, 3, 'Майка', 618, 'натуральная кожа 100%'),
(1664, 1, 3, 'Футболка', 8911, 'натуральная кожа 100%'),
(1665, 2, 6, 'Тапочки', 2833, 'текстиль 100%'),
(1666, 2, 5, 'Кроссовки', 9513, 'текстиль 100%'),
(1667, 1, 2, 'Футболка', 3901, 'текстиль 100%'),
(1668, 2, 6, 'Топ', 8318, 'хлопок 100%'),
(1669, 3, 1, 'Футболка', 1627, 'натуральная кожа 100%'),
(1670, 1, 2, 'Тапочки', 769, 'текстиль 100%'),
(1671, 2, 2, 'Кроссовки', 1867, 'натуральная кожа 100%'),
(1672, 1, 2, 'Футболка', 6641, 'натуральная кожа 100%'),
(1673, 1, 5, 'Майка', 984, 'Полиэстер 85% хлопок 15%'),
(1674, 3, 3, 'Футболка', 7792, 'хлопок 100%'),
(1675, 4, 5, 'Футболка', 4811, 'натуральная кожа 100%'),
(1676, 1, 4, 'Тапочки', 9589, 'хлопок 100%'),
(1677, 3, 2, 'Майка', 5155, 'Полиэстер 85% хлопок 15%'),
(1678, 4, 1, 'Тапочки', 3304, 'хлопок 100%'),
(1679, 1, 4, 'Кроссовки', 8161, 'натуральная кожа 100%'),
(1680, 3, 2, 'Майка', 5195, 'хлопок 100%'),
(1681, 1, 2, 'Топ', 7090, 'хлопок 100%'),
(1682, 4, 5, 'Тапочки', 3589, 'текстиль 100%'),
(1683, 4, 5, 'Топ', 5001, 'текстиль 100%'),
(1684, 3, 6, 'Тапочки', 643, 'текстиль 100%'),
(1685, 3, 2, 'Топ', 854, 'натуральная кожа 100%'),
(1686, 1, 3, 'Топ', 2990, 'текстиль 100%'),
(1687, 1, 6, 'Кроссовки', 3738, 'хлопок 100%'),
(1688, 4, 4, 'Тапочки', 2027, 'хлопок 100%'),
(1689, 1, 3, 'Тапочки', 9140, 'хлопок 100%'),
(1690, 1, 6, 'Футболка', 1421, 'текстиль 100%'),
(1691, 4, 4, 'Топ', 2377, 'хлопок 100%'),
(1692, 1, 6, 'Майка', 3794, 'Полиэстер 85% хлопок 15%'),
(1693, 1, 4, 'Тапочки', 9748, 'хлопок 100%'),
(1694, 2, 3, 'Майка', 6468, 'текстиль 100%'),
(1695, 1, 2, 'Майка', 3845, 'текстиль 100%'),
(1696, 1, 4, 'Тапочки', 1635, 'натуральная кожа 100%'),
(1697, 3, 5, 'Кроссовки', 8200, 'натуральная кожа 100%'),
(1698, 1, 2, 'Футболка', 5711, 'хлопок 100%'),
(1699, 3, 3, 'Кроссовки', 3929, 'Полиэстер 85% хлопок 15%'),
(1700, 4, 3, 'Тапочки', 5663, 'натуральная кожа 100%'),
(1701, 1, 2, 'Футболка', 2862, 'натуральная кожа 100%'),
(1702, 1, 4, 'Футболка', 3823, 'Полиэстер 85% хлопок 15%'),
(1703, 4, 2, 'Футболка', 9335, 'натуральная кожа 100%'),
(1704, 4, 2, 'Тапочки', 2102, 'Полиэстер 85% хлопок 15%'),
(1705, 4, 5, 'Тапочки', 2826, 'натуральная кожа 100%'),
(1706, 4, 2, 'Кроссовки', 8213, 'Полиэстер 85% хлопок 15%'),
(1707, 1, 2, 'Кроссовки', 8718, 'текстиль 100%'),
(1708, 3, 1, 'Топ', 3815, 'натуральная кожа 100%'),
(1709, 4, 5, 'Тапочки', 4904, 'хлопок 100%'),
(1710, 2, 4, 'Кроссовки', 4836, 'хлопок 100%'),
(1711, 4, 5, 'Тапочки', 8196, 'текстиль 100%'),
(1712, 4, 6, 'Кроссовки', 2454, 'Полиэстер 85% хлопок 15%'),
(1713, 2, 2, 'Тапочки', 5610, 'текстиль 100%'),
(1714, 3, 1, 'Майка', 3315, 'текстиль 100%'),
(1715, 1, 1, 'Кроссовки', 5152, 'текстиль 100%'),
(1716, 2, 1, 'Кроссовки', 7624, 'хлопок 100%'),
(1717, 1, 5, 'Майка', 973, 'натуральная кожа 100%'),
(1718, 4, 5, 'Футболка', 2740, 'текстиль 100%'),
(1719, 4, 4, 'Футболка', 4820, 'Полиэстер 85% хлопок 15%'),
(1720, 2, 5, 'Кроссовки', 4437, 'хлопок 100%'),
(1721, 4, 5, 'Кроссовки', 7904, 'Полиэстер 85% хлопок 15%'),
(1722, 4, 3, 'Топ', 843, 'хлопок 100%'),
(1723, 1, 6, 'Топ', 7662, 'хлопок 100%'),
(1724, 2, 1, 'Тапочки', 3741, 'текстиль 100%'),
(1725, 4, 2, 'Футболка', 1354, 'Полиэстер 85% хлопок 15%'),
(1726, 4, 1, 'Тапочки', 2832, 'натуральная кожа 100%'),
(1727, 3, 6, 'Кроссовки', 4349, 'Полиэстер 85% хлопок 15%'),
(1728, 4, 2, 'Тапочки', 7577, 'текстиль 100%'),
(1729, 4, 3, 'Кроссовки', 9760, 'хлопок 100%'),
(1730, 1, 3, 'Кроссовки', 4490, 'натуральная кожа 100%'),
(1731, 2, 2, 'Топ', 6498, 'текстиль 100%'),
(1732, 3, 3, 'Кроссовки', 4320, 'хлопок 100%'),
(1733, 1, 5, 'Футболка', 3196, 'Полиэстер 85% хлопок 15%'),
(1734, 1, 1, 'Майка', 9352, 'хлопок 100%'),
(1735, 1, 2, 'Топ', 3299, '100% хлопок');

-- --------------------------------------------------------

--
-- Структура таблицы `router`
--

CREATE TABLE `router` (
  `path` varchar(32) CHARACTER SET utf8 COLLATE utf8_general_ci NOT NULL,
  `name` varchar(32) CHARACTER SET utf8 COLLATE utf8_general_ci NOT NULL
) ENGINE=InnoDB DEFAULT CHARSET=utf8;

--
-- Дамп данных таблицы `router`
--

INSERT INTO `router` (`path`, `name`) VALUES
('admin', 'Админка'),
('auth', 'Авторизация'),
('basket', 'Корзина товаров'),
('catalog', 'Каталог'),
('coments', 'Коментарии'),
('createOrder', 'Заказ'),
('order', 'Заказ'),
('orders', 'заказы'),
('reg', 'Регистрация'),
('user', 'Личный кабинет'),
('users', 'Пользователи');

-- --------------------------------------------------------

--
-- Структура таблицы `state`
--

CREATE TABLE `state` (
  `id` int NOT NULL,
  `name` varchar(32) NOT NULL
) ENGINE=InnoDB DEFAULT CHARSET=utf8;

--
-- Дамп данных таблицы `state`
--

INSERT INTO `state` (`id`, `name`) VALUES
(0, 'добавлен в корзину'),
(1, 'сформирован заказ'),
(2, 'заказ подтвержден'),
(3, 'заказ оплачен'),
(4, 'заказ отправлен'),
(5, 'заказ получен');

-- --------------------------------------------------------

--
-- Структура таблицы `users`
--

CREATE TABLE `users` (
  `id` int NOT NULL,
  `login` varchar(32) NOT NULL,
  `password` varchar(60) CHARACTER SET utf8 COLLATE utf8_general_ci NOT NULL,
  `name` varchar(32) NOT NULL,
  `date_registration` timestamp NOT NULL DEFAULT CURRENT_TIMESTAMP,
  `role` int NOT NULL DEFAULT '0'
) ENGINE=InnoDB DEFAULT CHARSET=utf8;

--
-- Дамп данных таблицы `users`
--

INSERT INTO `users` (`id`, `login`, `password`, `name`, `date_registration`, `role`) VALUES
(1, 'Admin', '$2y$10$jYRCqhXowWttaLeuD2FJ5.340TykPh0hDIPLDenQOTTUf5nr5lS1O', 'Евгений', '2020-08-21 10:36:55', 1),
(2, 'User', '12345678', 'Иван', '2020-08-21 10:49:14', 0),
(5, 'evgeny89', '$2y$10$jYRCqhXowWttaLeuD2FJ5.340TykPh0hDIPLDenQOTTUf5nr5lS1O', 'Владимир', '2020-08-26 08:24:15', 0);

--
-- Индексы сохранённых таблиц
--

--
-- Индексы таблицы `baskets`
--
ALTER TABLE `baskets`
  ADD PRIMARY KEY (`id`),
  ADD KEY `user_id` (`user_id`),
  ADD KEY `product_basket_ibfk_1` (`product_id`),
  ADD KEY `order_id` (`order_id`),
  ADD KEY `status` (`status`);

--
-- Индексы таблицы `brands`
--
ALTER TABLE `brands`
  ADD PRIMARY KEY (`id`);

--
-- Индексы таблицы `categories`
--
ALTER TABLE `categories`
  ADD PRIMARY KEY (`id`);

--
-- Индексы таблицы `comments`
--
ALTER TABLE `comments`
  ADD PRIMARY KEY (`id`),
  ADD KEY `athor_id` (`athor_id`),
  ADD KEY `product_id` (`product_id`);

--
-- Индексы таблицы `menu`
--
ALTER TABLE `menu`
  ADD PRIMARY KEY (`id`);

--
-- Индексы таблицы `orders`
--
ALTER TABLE `orders`
  ADD PRIMARY KEY (`id`);

--
-- Индексы таблицы `products`
--
ALTER TABLE `products`
  ADD PRIMARY KEY (`id`),
  ADD KEY `products_ibfk_category` (`category_id`),
  ADD KEY `products_ibfk_brand` (`brand_id`);

--
-- Индексы таблицы `router`
--
ALTER TABLE `router`
  ADD PRIMARY KEY (`path`);

--
-- Индексы таблицы `state`
--
ALTER TABLE `state`
  ADD PRIMARY KEY (`id`);

--
-- Индексы таблицы `users`
--
ALTER TABLE `users`
  ADD PRIMARY KEY (`id`),
  ADD UNIQUE KEY `login` (`login`);

--
-- AUTO_INCREMENT для сохранённых таблиц
--

--
-- AUTO_INCREMENT для таблицы `baskets`
--
ALTER TABLE `baskets`
  MODIFY `id` int NOT NULL AUTO_INCREMENT, AUTO_INCREMENT=26;

--
-- AUTO_INCREMENT для таблицы `brands`
--
ALTER TABLE `brands`
  MODIFY `id` int NOT NULL AUTO_INCREMENT, AUTO_INCREMENT=7;

--
-- AUTO_INCREMENT для таблицы `categories`
--
ALTER TABLE `categories`
  MODIFY `id` int NOT NULL AUTO_INCREMENT, AUTO_INCREMENT=5;

--
-- AUTO_INCREMENT для таблицы `comments`
--
ALTER TABLE `comments`
  MODIFY `id` int NOT NULL AUTO_INCREMENT, AUTO_INCREMENT=5;

--
-- AUTO_INCREMENT для таблицы `menu`
--
ALTER TABLE `menu`
  MODIFY `id` int NOT NULL AUTO_INCREMENT, AUTO_INCREMENT=13;

--
-- AUTO_INCREMENT для таблицы `orders`
--
ALTER TABLE `orders`
  MODIFY `id` int NOT NULL AUTO_INCREMENT, AUTO_INCREMENT=11;

--
-- AUTO_INCREMENT для таблицы `products`
--
ALTER TABLE `products`
  MODIFY `id` int NOT NULL AUTO_INCREMENT, AUTO_INCREMENT=1736;

--
-- AUTO_INCREMENT для таблицы `users`
--
ALTER TABLE `users`
  MODIFY `id` int NOT NULL AUTO_INCREMENT, AUTO_INCREMENT=9;

--
-- Ограничения внешнего ключа сохраненных таблиц
--

--
-- Ограничения внешнего ключа таблицы `baskets`
--
ALTER TABLE `baskets`
  ADD CONSTRAINT `baskets_ibfk_1` FOREIGN KEY (`product_id`) REFERENCES `products` (`id`) ON DELETE CASCADE ON UPDATE CASCADE,
  ADD CONSTRAINT `baskets_ibfk_2` FOREIGN KEY (`user_id`) REFERENCES `users` (`id`) ON DELETE CASCADE ON UPDATE CASCADE,
  ADD CONSTRAINT `baskets_ibfk_3` FOREIGN KEY (`status`) REFERENCES `state` (`id`) ON DELETE RESTRICT ON UPDATE RESTRICT,
  ADD CONSTRAINT `baskets_ibfk_4` FOREIGN KEY (`order_id`) REFERENCES `orders` (`id`) ON DELETE RESTRICT ON UPDATE RESTRICT;

--
-- Ограничения внешнего ключа таблицы `comments`
--
ALTER TABLE `comments`
  ADD CONSTRAINT `comments_ibfk_1` FOREIGN KEY (`athor_id`) REFERENCES `users` (`id`) ON DELETE CASCADE ON UPDATE CASCADE,
  ADD CONSTRAINT `comments_ibfk_2` FOREIGN KEY (`product_id`) REFERENCES `products` (`id`) ON DELETE CASCADE ON UPDATE CASCADE;

--
-- Ограничения внешнего ключа таблицы `products`
--
ALTER TABLE `products`
  ADD CONSTRAINT `products_ibfk_brand` FOREIGN KEY (`brand_id`) REFERENCES `brands` (`id`) ON DELETE RESTRICT ON UPDATE RESTRICT,
  ADD CONSTRAINT `products_ibfk_category` FOREIGN KEY (`category_id`) REFERENCES `categories` (`id`) ON DELETE RESTRICT ON UPDATE RESTRICT;
COMMIT;

/*!40101 SET CHARACTER_SET_CLIENT=@OLD_CHARACTER_SET_CLIENT */;
/*!40101 SET CHARACTER_SET_RESULTS=@OLD_CHARACTER_SET_RESULTS */;
/*!40101 SET COLLATION_CONNECTION=@OLD_COLLATION_CONNECTION */;
